Date,Open,High,Low,Close,Volume
2015-10-07,20327.5,20779.19921875,20327.5,20779.19921875,272742
2015-10-08,21080.400390625,21607.400390625,21005.099609375,21306.19921875,241223
2015-10-09,21381.5,21532.099609375,21080.400390625,21080.400390625,248316
2015-10-12,20703.900390625,20854.5,20553.400390625,20703.900390625,177653
2015-10-13,20553.400390625,20703.900390625,20478.099609375,20628.599609375,216398
2015-10-14,20628.599609375,21005.099609375,20628.599609375,20628.599609375,224607
2015-10-15,20628.599609375,20779.19921875,20478.099609375,20553.400390625,198174
2015-10-16,20553.400390625,20703.900390625,20553.400390625,20553.400390625,232310
2015-10-19,20553.400390625,20703.900390625,20478.099609375,20478.099609375,310345
2015-10-20,20553.400390625,20628.599609375,20402.80078125,20402.80078125,248528
2015-10-21,20402.80078125,20478.099609375,20327.5,20402.80078125,230836
2015-10-22,20402.80078125,20553.400390625,20327.5,20402.80078125,266048
2015-10-23,20478.099609375,20628.599609375,20478.099609375,20553.400390625,271481
2015-10-26,20478.099609375,20628.599609375,20402.80078125,20553.400390625,313799
2015-10-27,20478.099609375,20478.099609375,20252.19921875,20327.5,224208
2015-10-28,20327.5,20478.099609375,20252.19921875,20252.19921875,221047
2015-10-29,20252.19921875,20929.80078125,20252.19921875,20929.80078125,293941
2015-10-30,20779.19921875,22360.19921875,20553.400390625,22360.19921875,388088
2015-11-02,22661.400390625,23866.0,22661.400390625,23866.0,281336
2015-11-03,23866.0,24468.30078125,22360.19921875,24091.80078125,282239
2015-11-04,22962.5,24091.80078125,22962.5,23866.0,308446
2015-11-05,22962.5,24091.80078125,22812.0,23941.30078125,299228
2015-11-06,23414.30078125,23941.30078125,23414.30078125,23564.80078125,296385
2015-11-09,23414.30078125,23715.400390625,23339.0,23564.80078125,278839
2015-11-10,23564.80078125,24016.599609375,23489.599609375,23866.0,354629
2015-11-11,23790.69921875,24016.599609375,23715.400390625,23866.0,292719
2015-11-12,23790.69921875,23866.0,23339.0,23790.69921875,296013
2015-11-13,23640.099609375,24242.400390625,23339.0,24091.80078125,447274
2015-11-16,24468.30078125,25597.599609375,24468.30078125,25145.900390625,488304
2015-11-17,25145.900390625,25145.900390625,24468.30078125,24618.900390625,359783
2015-11-18,24618.900390625,24618.900390625,24016.599609375,24468.30078125,291763
2015-11-19,23037.80078125,24618.900390625,22962.5,24242.400390625,295084
2015-11-20,24242.400390625,24317.69921875,24016.599609375,24016.599609375,321981
2015-11-23,23941.30078125,24091.80078125,23640.099609375,23640.099609375,205931
2015-11-24,23339.0,23715.400390625,23339.0,23414.30078125,213197
2015-11-25,23489.599609375,24016.599609375,23188.400390625,23715.400390625,317199
2015-11-27,23339.0,23489.599609375,22661.400390625,22661.400390625,252234
2015-11-30,23188.400390625,23188.400390625,22435.5,22586.099609375,289093
2015-12-01,22661.400390625,22887.30078125,22435.5,22435.5,232908
2015-12-02,22661.400390625,23715.400390625,22510.80078125,22887.30078125,366929
2015-12-03,22887.30078125,23113.099609375,22812.0,22887.30078125,190471
2015-12-04,22736.69921875,22887.30078125,22661.400390625,22736.69921875,164795
2015-12-07,22586.099609375,22736.69921875,22360.19921875,22435.5,192981
2015-12-08,22059.099609375,22586.099609375,21908.5,22586.099609375,223690
2015-12-09,22736.69921875,22736.69921875,22360.19921875,22435.5,221605
2015-12-10,22586.099609375,22586.099609375,22209.69921875,22285.0,210886
2015-12-11,22360.19921875,22586.099609375,22209.69921875,22360.19921875,187602
2015-12-14,22435.5,22435.5,22285.0,22360.19921875,190311
2015-12-15,22435.5,22510.80078125,22360.19921875,22435.5,192968
2015-12-16,22510.80078125,22510.80078125,22360.19921875,22435.5,213981
2015-12-17,22360.19921875,22586.099609375,22360.19921875,22510.80078125,163507
2015-12-18,22435.5,22736.69921875,22360.19921875,22586.099609375,314263
2015-12-21,22661.400390625,22736.69921875,22586.099609375,22661.400390625,363940
2015-12-22,22661.400390625,23113.099609375,22661.400390625,22887.30078125,424575
2015-12-23,22736.69921875,22887.30078125,22661.400390625,22736.69921875,235405
2015-12-24,22812.0,22887.30078125,22736.69921875,22812.0,226068
2015-12-28,22812.0,22887.30078125,22661.400390625,22661.400390625,226679
2015-12-29,22586.099609375,22812.0,22510.80078125,22736.69921875,213649
2015-12-30,22661.400390625,22887.30078125,22661.400390625,22736.69921875,216239
2015-12-31,22586.099609375,22736.69921875,22586.099609375,22586.099609375,199264
2016-01-04,22661.400390625,22661.400390625,22285.0,22285.0,216637
2016-01-05,22285.0,22285.0,21833.19921875,21833.19921875,252420
2016-01-06,21833.19921875,22209.69921875,21833.19921875,21983.80078125,221817
2016-01-07,21908.5,21983.80078125,21682.69921875,21833.19921875,177998
2016-01-08,21833.19921875,21833.19921875,21607.400390625,21607.400390625,251477
2016-01-11,21532.099609375,21682.69921875,21532.099609375,21607.400390625,200645
2016-01-12,21607.400390625,21833.19921875,21532.099609375,21682.69921875,201415
2016-01-13,21833.19921875,21833.19921875,21532.099609375,21607.400390625,228193
2016-01-14,21532.099609375,21532.099609375,21306.19921875,21456.80078125,209863
2016-01-15,21607.400390625,21607.400390625,21155.69921875,21155.69921875,203740
2016-01-19,20402.80078125,21005.099609375,20402.80078125,20929.80078125,228937
2016-01-20,20779.19921875,20929.80078125,20628.599609375,20703.900390625,194522
2016-01-21,20478.099609375,20779.19921875,20478.099609375,20553.400390625,225536
2016-01-22,20703.900390625,20779.19921875,20478.099609375,20703.900390625,236428
2016-01-25,20854.5,22134.400390625,20854.5,22134.400390625,343976
2016-01-26,22134.400390625,22134.400390625,21682.69921875,21682.69921875,212958
2016-01-27,21908.5,22134.400390625,21908.5,21908.5,211311
2016-01-28,21758.0,21908.5,21532.099609375,21607.400390625,223092
2016-01-29,21607.400390625,21833.19921875,21607.400390625,21758.0,238487
2016-02-01,21758.0,21908.5,21682.69921875,21682.69921875,202292
2016-02-02,21532.099609375,21758.0,21532.099609375,21607.400390625,204218
2016-02-03,21607.400390625,21607.400390625,21306.19921875,21532.099609375,215003
2016-02-04,21456.80078125,21607.400390625,21456.80078125,21532.099609375,150238
2016-02-05,21532.099609375,21682.69921875,21456.80078125,21456.80078125,124815
2016-02-08,21456.80078125,21456.80078125,21456.80078125,21456.80078125,0
2016-02-09,21456.80078125,21456.80078125,21456.80078125,21456.80078125,0
2016-02-10,21456.80078125,21456.80078125,21456.80078125,21456.80078125,0
2016-02-11,21456.80078125,21456.80078125,21456.80078125,21456.80078125,0
2016-02-12,21456.80078125,21456.80078125,21456.80078125,21456.80078125,0
2016-02-16,21005.099609375,21230.900390625,21005.099609375,21080.400390625,193154
2016-02-17,21080.400390625,21230.900390625,20929.80078125,21080.400390625,213476
2016-02-18,21230.900390625,21381.5,21155.69921875,21230.900390625,226081
2016-02-19,21155.69921875,21381.5,21080.400390625,21230.900390625,233360
2016-02-22,21155.69921875,21456.80078125,21155.69921875,21306.19921875,227144
2016-02-23,21306.19921875,21532.099609375,21306.19921875,21306.19921875,240160
2016-02-24,21230.900390625,21381.5,21155.69921875,21230.900390625,219054
2016-02-25,21230.900390625,21381.5,21155.69921875,21155.69921875,224142
2016-02-26,21230.900390625,21230.900390625,21005.099609375,21155.69921875,207565
2016-02-29,21155.69921875,21230.900390625,21005.099609375,21005.099609375,257574
2016-03-01,21080.400390625,21306.19921875,21080.400390625,21155.69921875,223478
2016-03-02,21306.19921875,21456.80078125,21230.900390625,21306.19921875,282771
2016-03-03,21155.69921875,21306.19921875,21080.400390625,21230.900390625,200964
2016-03-04,21155.69921875,21381.5,21155.69921875,21306.19921875,194229
2016-03-07,21306.19921875,21306.19921875,21155.69921875,21230.900390625,210195
2016-03-08,21155.69921875,21230.900390625,21155.69921875,21155.69921875,191400
2016-03-09,21155.69921875,21230.900390625,21080.400390625,21080.400390625,186419
2016-03-10,21080.400390625,21230.900390625,21005.099609375,21155.69921875,221950
2016-03-11,21155.69921875,21230.900390625,21080.400390625,21155.69921875,216385
2016-03-14,21155.69921875,21306.19921875,21080.400390625,21230.900390625,211988
2016-03-15,21155.69921875,21230.900390625,21080.400390625,21155.69921875,211311
2016-03-16,21155.69921875,21306.19921875,21155.69921875,21230.900390625,257401
2016-03-17,21306.19921875,21456.80078125,21230.900390625,21306.19921875,274894
2016-03-18,21306.19921875,21381.5,21230.900390625,21381.5,229986
2016-03-21,21306.19921875,21532.099609375,21306.19921875,21381.5,256219
2016-03-22,21381.5,21456.80078125,21230.900390625,21381.5,224381
2016-03-23,21381.5,21532.099609375,21306.19921875,21456.80078125,251132
2016-03-24,21456.80078125,21532.099609375,21306.19921875,21456.80078125,249471
2016-03-28,21532.099609375,21833.19921875,21381.5,21833.19921875,303637
2016-03-29,21908.5,22285.0,21833.19921875,22209.69921875,369133
2016-03-30,22134.400390625,22360.19921875,21983.80078125,22209.69921875,299055
2016-03-31,22209.69921875,22285.0,21983.80078125,21983.80078125,281124
2016-04-01,21983.80078125,21983.80078125,21682.69921875,21833.19921875,274682
2016-04-04,21758.0,21983.80078125,21682.69921875,21833.19921875,249883
2016-04-05,21908.5,22285.0,21833.19921875,22285.0,335436
2016-04-06,22285.0,22586.099609375,22285.0,22586.099609375,338557
2016-04-07,22586.099609375,22661.400390625,22360.19921875,22661.400390625,306161
2016-04-08,22661.400390625,22661.400390625,22360.19921875,22435.5,291072
2016-04-11,22510.80078125,22586.099609375,22209.69921875,22285.0,295309
2016-04-12,22285.0,22285.0,22059.099609375,22209.69921875,239164
2016-04-13,22285.0,22435.5,22134.400390625,22209.69921875,273566
2016-04-14,22209.69921875,22435.5,22134.400390625,22209.69921875,275492
2016-04-15,22209.69921875,22435.5,22209.69921875,22285.0,235644
2016-04-18,22285.0,22285.0,22285.0,22285.0,0
2016-04-19,22285.0,22285.0,21908.5,21908.5,231487
2016-04-20,21758.0,22134.400390625,21758.0,22059.099609375,249843
2016-04-21,21983.80078125,22360.19921875,21983.80078125,22285.0,254240
2016-04-22,22209.69921875,22510.80078125,22134.400390625,22510.80078125,269209
2016-04-25,22510.80078125,22586.099609375,22285.0,22360.19921875,246602
2016-04-26,22360.19921875,22586.099609375,22209.69921875,22510.80078125,227396
2016-04-27,22435.5,22510.80078125,22285.0,22360.19921875,203501
2016-04-28,22285.0,22435.5,22285.0,22360.19921875,274230
2016-04-29,22285.0,22510.80078125,22285.0,22360.19921875,201894
2016-05-02,22360.19921875,22360.19921875,22360.19921875,22360.19921875,0
2016-05-03,22360.19921875,22360.19921875,22360.19921875,22360.19921875,0
2016-05-04,22360.19921875,22360.19921875,22209.69921875,22209.69921875,160399
2016-05-05,22209.69921875,22360.19921875,22209.69921875,22285.0,247081
2016-05-06,22285.0,22510.80078125,22209.69921875,22435.5,215136
2016-05-09,22360.19921875,22510.80078125,22209.69921875,22209.69921875,207406
2016-05-10,22209.69921875,22209.69921875,22059.099609375,22209.69921875,210793
2016-05-11,22209.69921875,22285.0,22134.400390625,22209.69921875,190856
2016-05-12,22285.0,22360.19921875,22134.400390625,22134.400390625,187615
2016-05-13,22134.400390625,22209.69921875,21983.80078125,21983.80078125,192118
2016-05-16,21983.80078125,22059.099609375,21833.19921875,21983.80078125,199370
2016-05-17,21908.5,22134.400390625,21908.5,21983.80078125,195359
2016-05-18,21833.19921875,22059.099609375,21833.19921875,21908.5,196355
2016-05-19,21833.19921875,21983.80078125,21833.19921875,21908.5,180721
2016-05-20,21833.19921875,21908.5,21758.0,21833.19921875,197895
2016-05-23,21682.69921875,21833.19921875,21682.69921875,21758.0,189846
2016-05-24,21758.0,21833.19921875,21682.69921875,21833.19921875,170972
2016-05-25,21833.19921875,21983.80078125,21758.0,21833.19921875,204430
2016-05-26,21758.0,21908.5,21155.69921875,21306.19921875,177772
2016-05-27,21306.19921875,21456.80078125,21155.69921875,21306.19921875,182196
2016-05-31,21381.5,21381.5,21230.900390625,21381.5,174611
2016-06-01,21381.5,21456.80078125,21230.900390625,21381.5,208854
2016-06-02,21306.19921875,21381.5,21155.69921875,21230.900390625,173708
2016-06-03,21230.900390625,21306.19921875,21155.69921875,21230.900390625,164065
2016-06-06,21230.900390625,21306.19921875,21080.400390625,21155.69921875,191706
2016-06-07,21230.900390625,21306.19921875,21155.69921875,21230.900390625,178569
2016-06-08,21230.900390625,21381.5,21155.69921875,21230.900390625,166350
2016-06-09,21230.900390625,21306.19921875,21080.400390625,21080.400390625,190869
2016-06-10,21155.69921875,21155.69921875,21005.099609375,21080.400390625,166748
2016-06-13,21080.400390625,21080.400390625,20854.5,20929.80078125,155006
2016-06-14,20854.5,20929.80078125,20779.19921875,20929.80078125,178171
2016-06-15,20929.80078125,20929.80078125,20703.900390625,20854.5,201615
2016-06-16,20854.5,21005.099609375,20779.19921875,20854.5,185689
2016-06-17,20854.5,20929.80078125,20703.900390625,20779.19921875,186712
2016-06-20,20779.19921875,21005.099609375,20779.19921875,20929.80078125,190736
2016-06-21,20929.80078125,21155.69921875,20929.80078125,21005.099609375,196262
2016-06-22,21005.099609375,21080.400390625,20854.5,20854.5,199901
2016-06-23,20854.5,21080.400390625,20779.19921875,21005.099609375,194840
2016-06-24,21005.099609375,21005.099609375,20402.80078125,20628.599609375,286609
2016-06-27,20402.80078125,20553.400390625,20176.900390625,20478.099609375,174810
2016-06-28,20402.80078125,20553.400390625,20327.5,20478.099609375,181837
2016-06-29,20478.099609375,20779.19921875,20478.099609375,20628.599609375,187176
2016-06-30,20628.599609375,20779.19921875,20553.400390625,20703.900390625,180920
2016-07-01,20628.599609375,20929.80078125,20628.599609375,20854.5,191214
2016-07-05,20854.5,21230.900390625,20854.5,21080.400390625,228020
2016-07-06,21155.69921875,21155.69921875,20779.19921875,20854.5,179672
2016-07-07,20854.5,21005.099609375,20854.5,20929.80078125,209770
2016-07-08,20929.80078125,21080.400390625,20703.900390625,20779.19921875,189647
2016-07-11,20779.19921875,20854.5,20553.400390625,20628.599609375,217540
2016-07-12,20628.599609375,20854.5,20478.099609375,20703.900390625,216770
2016-07-13,20703.900390625,20929.80078125,20703.900390625,20854.5,202823
2016-07-14,20854.5,21005.099609375,20779.19921875,20779.19921875,183351
2016-07-15,20779.19921875,20929.80078125,20703.900390625,20703.900390625,191268
2016-07-18,20779.19921875,21532.099609375,20779.19921875,21381.5,293556
2016-07-19,21381.5,21532.099609375,21306.19921875,21306.19921875,187495
2016-07-20,21230.900390625,21306.19921875,21080.400390625,21230.900390625,180934
2016-07-21,21230.900390625,21607.400390625,21155.69921875,21607.400390625,224514
2016-07-22,21607.400390625,21607.400390625,21306.19921875,21456.80078125,180841
2016-07-25,21456.80078125,21682.69921875,21306.19921875,21682.69921875,175103
2016-07-26,21607.400390625,21758.0,21532.099609375,21532.099609375,201575
2016-07-27,21532.099609375,21532.099609375,21532.099609375,21532.099609375,0
2016-07-28,21607.400390625,21682.69921875,21381.5,21532.099609375,194004
2016-07-29,21532.099609375,21532.099609375,21230.900390625,21306.19921875,197776
2016-08-01,21306.19921875,21306.19921875,21080.400390625,21230.900390625,153054
2016-08-02,21080.400390625,21080.400390625,20854.5,21005.099609375,228684
2016-08-03,21005.099609375,21005.099609375,20779.19921875,21005.099609375,180057
2016-08-04,21005.099609375,21230.900390625,21005.099609375,21080.400390625,189195
2016-08-05,20929.80078125,21155.69921875,20854.5,21155.69921875,213715
2016-08-08,21080.400390625,21306.19921875,20929.80078125,21230.900390625,166814
2016-08-09,21155.69921875,21456.80078125,21155.69921875,21306.19921875,168780
2016-08-10,21306.19921875,21532.099609375,21306.19921875,21306.19921875,190723
2016-08-11,21306.19921875,21532.099609375,21155.69921875,21456.80078125,208614
2016-08-12,21456.80078125,21456.80078125,21155.69921875,21230.900390625,189860
2016-08-15,21230.900390625,21456.80078125,21155.69921875,21381.5,179287
2016-08-16,21381.5,21456.80078125,21230.900390625,21306.19921875,195465
2016-08-17,21306.19921875,21381.5,21155.69921875,21306.19921875,189156
2016-08-18,21306.19921875,21381.5,21230.900390625,21381.5,187123
2016-08-19,21306.19921875,21456.80078125,21230.900390625,21381.5,175063
2016-08-22,21381.5,21758.0,21306.19921875,21758.0,192224
2016-08-23,21682.69921875,22510.80078125,21532.099609375,22435.5,251265
2016-08-24,22435.5,23339.0,22435.5,22812.0,238779
2016-08-25,22812.0,22812.0,22586.099609375,22586.099609375,190218
2016-08-26,22586.099609375,22887.30078125,22586.099609375,22661.400390625,222535
2016-08-29,22586.099609375,22887.30078125,22586.099609375,22586.099609375,181717
2016-08-30,22586.099609375,23113.099609375,22360.19921875,23037.80078125,260456
2016-08-31,23037.80078125,24468.30078125,22887.30078125,24242.400390625,259460
2016-09-01,24242.400390625,24317.69921875,23866.0,24167.099609375,162777
2016-09-02,24167.099609375,24167.099609375,24167.099609375,24167.099609375,0
2016-09-06,24694.099609375,26049.30078125,24694.099609375,25597.599609375,269435
2016-09-07,25597.599609375,25898.69921875,25296.400390625,25597.599609375,244265
2016-09-08,25748.19921875,26049.30078125,25597.599609375,25748.19921875,219758
2016-09-09,25748.19921875,25898.69921875,25597.599609375,25597.599609375,186539
2016-09-12,25672.900390625,25748.19921875,25447.0,25672.900390625,238859
2016-09-13,25672.900390625,25823.5,25597.599609375,25823.5,199277
2016-09-14,25748.19921875,25823.5,25597.599609375,25748.19921875,195119
2016-09-15,25672.900390625,25672.900390625,25447.0,25522.30078125,207167
2016-09-16,25447.0,25522.30078125,25221.19921875,25221.19921875,169843
2016-09-19,24995.30078125,25221.19921875,24920.0,25070.599609375,211723
2016-09-20,24995.30078125,24995.30078125,24242.400390625,24468.30078125,208960
2016-09-21,24844.69921875,24920.0,24543.599609375,24769.400390625,227303
2016-09-22,24769.400390625,25371.69921875,24769.400390625,25221.19921875,243162
2016-09-23,25221.19921875,25672.900390625,25145.900390625,25522.30078125,231328
2016-09-26,25447.0,25823.5,25447.0,25597.599609375,214764
2016-09-27,25522.30078125,25748.19921875,25371.69921875,25522.30078125,215269
2016-09-28,25447.0,25597.599609375,25221.19921875,25522.30078125,203023
2016-09-29,25522.30078125,25522.30078125,25070.599609375,25296.400390625,189182
2016-09-30,25296.400390625,25296.400390625,25070.599609375,25221.19921875,170560
2016-10-03,25221.19921875,25221.19921875,24995.30078125,25145.900390625,192636
2016-10-04,25145.900390625,25296.400390625,24995.30078125,25070.599609375,183178
2016-10-05,25070.599609375,25145.900390625,24844.69921875,24920.0,180588
2016-10-06,24920.0,25145.900390625,24920.0,24920.0,194137
2016-10-07,24920.0,24995.30078125,24167.099609375,24694.099609375,175661
2016-10-10,24543.599609375,24543.599609375,23941.30078125,24091.80078125,177560
2016-10-11,23866.0,24242.400390625,23866.0,24167.099609375,197962
2016-10-12,24167.099609375,24317.69921875,23866.0,23941.30078125,171941
2016-10-13,23941.30078125,24016.599609375,23715.400390625,23866.0,182488
2016-10-14,23941.30078125,24317.69921875,23866.0,24167.099609375,244384
2016-10-17,24167.099609375,24167.099609375,23866.0,23941.30078125,172313
2016-10-18,23941.30078125,24091.80078125,23564.80078125,24016.599609375,219745
2016-10-19,23941.30078125,24242.400390625,23941.30078125,24091.80078125,173097
2016-10-20,24091.80078125,24242.400390625,23941.30078125,23941.30078125,176497
2016-10-21,24016.599609375,24016.599609375,23715.400390625,23790.69921875,181638
2016-10-24,23866.0,24016.599609375,23715.400390625,23941.30078125,163281
2016-10-25,23941.30078125,24167.099609375,23715.400390625,24016.599609375,192675
2016-10-26,24016.599609375,24317.69921875,23866.0,24242.400390625,219506
2016-10-27,24242.400390625,24317.69921875,24016.599609375,24317.69921875,176643
2016-10-28,24242.400390625,24543.599609375,24167.099609375,24468.30078125,136065
2016-10-31,24694.099609375,24844.69921875,24468.30078125,24769.400390625,198772
2016-11-01,24844.69921875,24920.0,24581.19921875,24618.900390625,194415
2016-11-02,24468.30078125,24694.099609375,24393.0,24393.0,159868
2016-11-03,24393.0,24393.0,23866.0,24091.80078125,173708
2016-11-04,24091.80078125,24167.099609375,23941.30078125,24016.599609375,137088
2016-11-07,24016.599609375,24317.69921875,24016.599609375,24242.400390625,172393
2016-11-08,24242.400390625,24468.30078125,24167.099609375,24468.30078125,163295
2016-11-09,24468.30078125,24468.30078125,23790.69921875,24091.80078125,210979
2016-11-10,24091.80078125,24618.900390625,24091.80078125,24543.599609375,187867
2016-11-11,24468.30078125,24618.900390625,24393.0,24543.599609375,169245
2016-11-14,24543.599609375,24618.900390625,24167.099609375,24468.30078125,172207
2016-11-15,24468.30078125,24694.099609375,24393.0,24618.900390625,187190
2016-11-16,24618.900390625,25070.599609375,24618.900390625,24920.0,205148
2016-11-17,24995.30078125,25145.900390625,24769.400390625,24844.69921875,212427
2016-11-18,24769.400390625,24769.400390625,24468.30078125,24618.900390625,167890
2016-11-21,24694.099609375,24769.400390625,24543.599609375,24694.099609375,176152
2016-11-22,24694.099609375,25070.599609375,24694.099609375,24995.30078125,192064
2016-11-23,24995.30078125,24995.30078125,24769.400390625,24844.69921875,161648
2016-11-25,24844.69921875,24920.0,24581.19921875,24844.69921875,174678
2016-11-28,24769.400390625,24769.400390625,24505.900390625,24618.900390625,141790
2016-11-29,24694.099609375,24844.69921875,24543.599609375,24769.400390625,174279
2016-11-30,24769.400390625,25070.599609375,24769.400390625,24995.30078125,154063
2016-12-01,24995.30078125,25296.400390625,24995.30078125,25070.599609375,177201
2016-12-02,25145.900390625,25221.19921875,24769.400390625,24920.0,164543
2016-12-05,24920.0,24995.30078125,24694.099609375,24844.69921875,160731
2016-12-06,24844.69921875,24920.0,24543.599609375,24769.400390625,152137
2016-12-07,24769.400390625,24920.0,24694.099609375,24769.400390625,150118
2016-12-08,24694.099609375,24920.0,24694.099609375,24844.69921875,136464
2016-12-09,24844.69921875,24844.69921875,24468.30078125,24618.900390625,143278
2016-12-12,24618.900390625,24618.900390625,24242.400390625,24393.0,125532
2016-12-13,24393.0,24393.0,23715.400390625,23941.30078125,148378
2016-12-14,23941.30078125,24167.099609375,23866.0,24091.80078125,144765
2016-12-15,24091.80078125,24242.400390625,23941.30078125,24016.599609375,147263
2016-12-16,23941.30078125,24167.099609375,23866.0,23941.30078125,150477
2016-12-19,23941.30078125,24016.599609375,23715.400390625,23790.69921875,157012
2016-12-20,23790.69921875,23790.69921875,23339.0,23414.30078125,138656
2016-12-21,23414.30078125,23564.80078125,23263.69921875,23414.30078125,141896
2016-12-22,23414.30078125,23564.80078125,23188.400390625,23263.69921875,150238
2016-12-23,23263.69921875,23414.30078125,23188.400390625,23263.69921875,145337
2016-12-27,23263.69921875,23489.599609375,23188.400390625,23339.0,148338
2016-12-28,23339.0,23489.599609375,23263.69921875,23414.30078125,145483
2016-12-29,23414.30078125,23564.80078125,23339.0,23414.30078125,131709
2016-12-30,23414.30078125,23640.099609375,23414.30078125,23564.80078125,173681
2017-01-03,23640.099609375,23866.0,23564.80078125,23866.0,158380
2017-01-04,23790.69921875,24091.80078125,23790.69921875,23866.0,174053
2017-01-05,23866.0,23941.30078125,23715.400390625,23790.69921875,158964
2017-01-06,23790.69921875,23790.69921875,23640.099609375,23715.400390625,156281
2017-01-09,23715.400390625,23866.0,23640.099609375,23790.69921875,153638
2017-01-10,23790.69921875,23790.69921875,23564.80078125,23715.400390625,151473
2017-01-11,23790.69921875,23941.30078125,23640.099609375,23866.0,147794
2017-01-12,23866.0,23866.0,23640.099609375,23715.400390625,145376
2017-01-13,23715.400390625,23753.099609375,23564.80078125,23640.099609375,139678
2017-01-17,23489.599609375,23790.69921875,23489.599609375,23564.80078125,147276
2017-01-18,23564.80078125,23564.80078125,23339.0,23414.30078125,141750
2017-01-19,23414.30078125,23414.30078125,23113.099609375,23188.400390625,137181
2017-01-20,23113.099609375,23339.0,23113.099609375,23263.69921875,133821
2017-01-23,23263.69921875,23339.0,23037.80078125,23113.099609375,128401
2017-01-24,23113.099609375,23188.400390625,22924.900390625,23037.80078125,140489
2017-01-25,23113.099609375,23113.099609375,22812.0,23037.80078125,136637
2017-01-26,23037.80078125,23037.80078125,23037.80078125,23037.80078125,0
2017-01-27,23037.80078125,23037.80078125,23037.80078125,23037.80078125,0
2017-01-30,23037.80078125,23037.80078125,23037.80078125,23037.80078125,0
2017-01-31,23037.80078125,23037.80078125,23037.80078125,23037.80078125,0
2017-02-01,23037.80078125,23037.80078125,23037.80078125,23037.80078125,0
2017-02-02,23037.80078125,23037.80078125,23037.80078125,23037.80078125,0
2017-02-03,23113.099609375,23339.0,23037.80078125,23113.099609375,137022
2017-02-06,23113.099609375,23489.599609375,23113.099609375,23414.30078125,177932
2017-02-07,23414.30078125,23640.099609375,23414.30078125,23451.900390625,128813
2017-02-08,23414.30078125,23489.599609375,23339.0,23414.30078125,137792
2017-02-09,23414.30078125,23564.80078125,23263.69921875,23414.30078125,138403
2017-02-10,23414.30078125,23640.099609375,23339.0,23489.599609375,158606
2017-02-13,23414.30078125,23640.099609375,23414.30078125,23564.80078125,145523
2017-02-14,23414.30078125,23564.80078125,23339.0,23489.599609375,140648
2017-02-15,23489.599609375,23489.599609375,23339.0,23414.30078125,133396
2017-02-16,23414.30078125,23489.599609375,23263.69921875,23263.69921875,134232
2017-02-17,23188.400390625,23263.69921875,23075.5,23113.099609375,143079
2017-02-21,23150.80078125,23339.0,23113.099609375,23188.400390625,132758
2017-02-22,23188.400390625,23263.69921875,23037.80078125,23037.80078125,163613
2017-02-23,23037.80078125,23150.80078125,22849.599609375,23037.80078125,140489
2017-02-24,23037.80078125,23113.099609375,22812.0,22887.30078125,146970
2017-02-27,22924.900390625,22962.5,22661.400390625,22962.5,150995
2017-02-28,22962.5,23113.099609375,22812.0,22849.599609375,151287
2017-03-01,22849.599609375,22962.5,22661.400390625,22736.69921875,129716
2017-03-02,22736.69921875,22887.30078125,22661.400390625,22736.69921875,135096
2017-03-03,22736.69921875,22812.0,22586.099609375,22774.30078125,147767
2017-03-06,22774.30078125,23037.80078125,22774.30078125,22887.30078125,161249
2017-03-07,22887.30078125,22924.900390625,22661.400390625,22887.30078125,137766
2017-03-08,22924.900390625,22962.5,22736.69921875,22924.900390625,165300
2017-03-09,22924.900390625,22962.5,22736.69921875,22887.30078125,126993
2017-03-10,22887.30078125,22962.5,22661.400390625,22736.69921875,153187
2017-03-13,22736.69921875,22812.0,22586.099609375,22661.400390625,140674
2017-03-14,22661.400390625,22887.30078125,22661.400390625,22736.69921875,149467
2017-03-15,22736.69921875,22812.0,22586.099609375,22736.69921875,142189
2017-03-16,22736.69921875,22887.30078125,22623.80078125,22812.0,143185
2017-03-17,22812.0,22962.5,22661.400390625,22812.0,145961
2017-03-20,22812.0,22962.5,22736.69921875,22849.599609375,148352
2017-03-21,22849.599609375,22962.5,22736.69921875,22849.599609375,147595
2017-03-22,22849.599609375,22962.5,22812.0,22849.599609375,180748
2017-03-23,22887.30078125,23037.80078125,22887.30078125,22887.30078125,159004
2017-03-24,22962.5,23037.80078125,22736.69921875,22812.0,156361
2017-03-27,22812.0,22962.5,22736.69921875,22812.0,164384
2017-03-28,22812.0,22962.5,22586.099609375,22661.400390625,156202
2017-03-29,22699.0,22812.0,22586.099609375,22661.400390625,146678
2017-03-30,22736.69921875,22887.30078125,22699.0,22736.69921875,148458
2017-03-31,22774.30078125,22812.0,22548.5,22586.099609375,151779
2017-04-03,22661.400390625,22736.69921875,22510.80078125,22586.099609375,159124
2017-04-04,22661.400390625,22736.69921875,22510.80078125,22661.400390625,145629
2017-04-05,22661.400390625,22736.69921875,22435.5,22510.80078125,152257
2017-04-06,22510.80078125,22510.80078125,22510.80078125,22510.80078125,0
2017-04-07,22586.099609375,22586.099609375,22397.900390625,22548.5,120777
2017-04-10,22548.5,22736.69921875,22548.5,22661.400390625,162870
2017-04-11,22699.0,22962.5,22699.0,22887.30078125,144540
2017-04-12,23188.400390625,23188.400390625,23188.400390625,23188.400390625,39980
2017-04-13,23188.400390625,23263.69921875,23188.400390625,23263.69921875,77197
2017-04-17,22887.30078125,22962.5,22586.099609375,22661.400390625,135043
2017-04-18,22661.400390625,22661.400390625,22209.69921875,22209.69921875,15434
2017-04-19,22209.69921875,22209.69921875,21758.0,21758.0,60169
2017-04-20,21758.0,21833.19921875,21456.80078125,21456.80078125,29221
2017-04-21,21456.80078125,21456.80078125,20929.80078125,20967.400390625,18821
2017-04-24,19988.69921875,20967.400390625,19988.69921875,20628.599609375,27189
2017-04-25,20628.599609375,20628.599609375,20101.599609375,20327.5,37775
2017-04-26,20402.80078125,20854.5,20327.5,20779.19921875,170308
2017-04-27,20779.19921875,20929.80078125,20402.80078125,20854.5,131350
2017-04-28,20854.5,20854.5,20854.5,20854.5,0
2017-05-01,20854.5,20854.5,20854.5,20854.5,0
2017-05-02,20854.5,20854.5,20854.5,20854.5,0
2017-05-03,20779.19921875,21080.400390625,20779.19921875,21005.099609375,135016
2017-05-04,21080.400390625,21306.19921875,20929.80078125,21080.400390625,121933
2017-05-05,21080.400390625,21230.900390625,20929.80078125,21080.400390625,140196
2017-05-08,21080.400390625,21155.69921875,20929.80078125,21005.099609375,136783
2017-05-09,20929.80078125,21080.400390625,20816.900390625,21005.099609375,122066
2017-05-10,20929.80078125,21080.400390625,20779.19921875,21080.400390625,108079
2017-05-11,21080.400390625,21230.900390625,21005.099609375,21080.400390625,116009
2017-05-12,21080.400390625,21230.900390625,20967.400390625,21005.099609375,120631
2017-05-15,20854.5,21080.400390625,20553.400390625,20929.80078125,108066
2017-05-16,20929.80078125,21080.400390625,20854.5,20929.80078125,110377
2017-05-17,20929.80078125,21080.400390625,20779.19921875,21005.099609375,124164
2017-05-18,21080.400390625,21155.69921875,20929.80078125,21005.099609375,112330
2017-05-19,21005.099609375,21306.19921875,20929.80078125,21306.19921875,147993
2017-05-22,21381.5,21758.0,21381.5,21456.80078125,150225
2017-05-23,21456.80078125,21532.099609375,21080.400390625,21155.69921875,123978
2017-05-24,21080.400390625,21306.19921875,20929.80078125,21230.900390625,125493
2017-05-25,21230.900390625,21381.5,20478.099609375,20478.099609375,129477
2017-05-26,20553.400390625,20553.400390625,20101.599609375,20101.599609375,115969
2017-05-30,18821.80078125,18821.80078125,18746.5,18746.5,37257
2017-05-31,18821.80078125,18821.80078125,18784.099609375,18821.80078125,27189
2017-06-01,18784.099609375,19122.900390625,18784.099609375,19047.599609375,96736
2017-06-02,19047.599609375,19047.599609375,18821.80078125,19047.599609375,96975
2017-06-05,18972.30078125,19348.80078125,18972.30078125,19273.5,92100
2017-06-06,19273.5,19424.099609375,19122.900390625,19348.80078125,85937
2017-06-07,19273.5,19649.900390625,19273.5,19499.30078125,93229
2017-06-08,19424.099609375,19424.099609375,19122.900390625,19273.5,88992
2017-06-09,19273.5,19424.099609375,19273.5,19273.5,92831
2017-06-12,19273.5,19424.099609375,19273.5,19348.80078125,90294
2017-06-13,19348.80078125,19348.80078125,18031.19921875,18520.599609375,134657
2017-06-14,18520.599609375,18897.0,18520.599609375,18821.80078125,103231
2017-06-15,18821.80078125,18897.0,18595.900390625,18746.5,78127
2017-06-16,18746.5,18972.30078125,18671.19921875,18821.80078125,89563
2017-06-19,18821.80078125,19047.599609375,18821.80078125,18897.0,90573
2017-06-20,18897.0,19122.900390625,18897.0,18897.0,85897
2017-06-21,18821.80078125,18821.80078125,18068.900390625,18445.30078125,110138
2017-06-22,18445.30078125,18746.5,18445.30078125,18520.599609375,86535
2017-06-23,18520.599609375,18595.900390625,18370.0,18370.0,77676
2017-06-26,18370.0,18746.5,18370.0,18595.900390625,86734
2017-06-27,18595.900390625,18671.19921875,18370.0,18445.30078125,94837
2017-06-28,18445.30078125,18595.900390625,18294.69921875,18520.599609375,89006
2017-06-29,18520.599609375,18746.5,18520.599609375,18595.900390625,87823
2017-06-30,18595.900390625,18746.5,18520.599609375,18520.599609375,88461
2017-07-03,18520.599609375,18671.19921875,18445.30078125,18595.900390625,94983
2017-07-05,18445.30078125,18671.19921875,18445.30078125,18520.599609375,99764
2017-07-06,18520.599609375,18746.5,18445.30078125,18558.30078125,94372
2017-07-07,18595.900390625,18671.19921875,18520.599609375,18520.599609375,82032
2017-07-10,18520.599609375,18595.900390625,18370.0,18445.30078125,85804
2017-07-11,18445.30078125,18671.19921875,18294.69921875,18595.900390625,81474
2017-07-12,18595.900390625,18897.0,18445.30078125,18821.80078125,98542
2017-07-13,18821.80078125,18821.80078125,18821.80078125,18821.80078125,0
2017-07-14,18746.5,19273.5,18746.5,19122.900390625,130434
2017-07-17,19273.5,19273.5,18746.5,19047.599609375,79469
2017-07-18,18897.0,18897.0,18595.900390625,18746.5,84875
2017-07-19,18746.5,18972.30078125,18671.19921875,18821.80078125,77835
2017-07-20,18821.80078125,18821.80078125,18370.0,18520.599609375,85260
2017-07-21,18520.599609375,18671.19921875,18370.0,18520.599609375,55959
2017-07-24,18520.599609375,18520.599609375,18144.19921875,18294.69921875,99552
2017-07-25,18294.69921875,18595.900390625,17993.599609375,18370.0,94159
2017-07-26,18445.30078125,18972.30078125,18445.30078125,18897.0,110165
2017-07-27,18897.0,18897.0,18671.19921875,18671.19921875,84901
2017-07-28,18671.19921875,18897.0,18671.19921875,18746.5,87000
2017-07-31,18746.5,18897.0,18671.19921875,18746.5,96497
2017-08-01,18821.80078125,19198.19921875,18821.80078125,18972.30078125,121574
2017-08-02,18972.30078125,19047.599609375,18746.5,18972.30078125,93548
2017-08-03,18972.30078125,19122.900390625,18897.0,19010.0,87279
2017-08-04,19047.599609375,19047.599609375,18972.30078125,18972.30078125,69055
2017-08-07,18972.30078125,19273.5,18972.30078125,19047.599609375,93043
2017-08-08,19047.599609375,19273.5,18821.80078125,18897.0,97307
2017-08-09,18897.0,18897.0,18671.19921875,18821.80078125,91542
2017-08-10,18821.80078125,18972.30078125,18708.80078125,18746.5,87173
2017-08-11,18671.19921875,18859.400390625,18595.900390625,18821.80078125,57672
2017-08-14,18746.5,18972.30078125,18746.5,18972.30078125,97772
2017-08-15,18972.30078125,19047.599609375,18746.5,18897.0,93123
2017-08-16,18821.80078125,19047.599609375,18671.19921875,18972.30078125,97227
2017-08-17,18897.0,19725.19921875,18897.0,19649.900390625,158832
2017-08-18,19725.19921875,20101.599609375,19649.900390625,19951.099609375,105516
2017-08-21,20026.30078125,20026.30078125,19725.19921875,19951.099609375,117111
2017-08-22,19875.80078125,20026.30078125,19198.19921875,19273.5,92698
2017-08-23,19273.5,19348.80078125,19122.900390625,19348.80078125,8563227
2017-08-24,19348.80078125,19649.900390625,19273.5,19649.900390625,10863756
2017-08-25,19649.900390625,19649.900390625,19424.099609375,19499.30078125,85990
2017-08-28,19499.30078125,20553.400390625,19424.099609375,20327.5,175342
2017-08-29,20402.80078125,20402.80078125,20101.599609375,20176.900390625,122384
2017-08-30,20176.900390625,20779.19921875,20101.599609375,20327.5,135016
2017-08-31,20327.5,20553.400390625,20026.30078125,20176.900390625,122318
2017-09-01,20101.599609375,20703.900390625,20101.599609375,20553.400390625,126940
2017-09-05,20553.400390625,20628.599609375,20026.30078125,20252.19921875,109766
2017-09-06,20252.19921875,20327.5,19951.099609375,20176.900390625,119144
2017-09-07,20176.900390625,20327.5,19951.099609375,20026.30078125,98343
2017-09-08,20026.30078125,20252.19921875,19951.099609375,20101.599609375,131470
2017-09-11,20101.599609375,20327.5,20026.30078125,20026.30078125,101757
2017-09-12,20101.599609375,20252.19921875,19951.099609375,20101.599609375,111108
2017-09-13,20176.900390625,20327.5,19951.099609375,20026.30078125,99286
2017-09-14,20101.599609375,20101.599609375,19800.5,19951.099609375,92180
2017-09-15,19951.099609375,20026.30078125,19725.19921875,19800.5,101557
2017-09-18,19800.5,20101.599609375,19800.5,19951.099609375,78300
2017-09-19,20026.30078125,20176.900390625,19951.099609375,19951.099609375,82404
2017-09-20,20026.30078125,20101.599609375,19951.099609375,19951.099609375,86827
2017-09-21,19951.099609375,20026.30078125,19649.900390625,19649.900390625,77676
2017-09-22,19649.900390625,19875.80078125,19574.599609375,19649.900390625,88979
2017-09-25,19725.19921875,19800.5,19574.599609375,19649.900390625,82404
2017-09-26,19649.900390625,19725.19921875,19348.80078125,19424.099609375,86415
2017-09-27,19424.099609375,19424.099609375,18746.5,18821.80078125,101425
2017-09-28,18821.80078125,19047.599609375,18821.80078125,18821.80078125,78180
2017-09-29,18821.80078125,18897.0,18671.19921875,18746.5,77968
2017-10-02,18746.5,18897.0,18671.19921875,18671.19921875,71499
2017-10-03,18671.19921875,18897.0,18595.900390625,18671.19921875,80664
2017-10-04,18671.19921875,18897.0,18520.599609375,18821.80078125,81302
2017-10-05,18821.80078125,19047.599609375,18746.5,18746.5,75750
2017-10-06,18746.5,18972.30078125,18671.19921875,18821.80078125,81926
2017-10-09,18821.80078125,18972.30078125,18746.5,18897.0,90493
2017-10-10,18897.0,19047.599609375,18897.0,18972.30078125,83693
2017-10-11,18972.30078125,19198.19921875,18972.30078125,18972.30078125,90201
2017-10-12,19047.599609375,19198.19921875,18897.0,18897.0,87637
2017-10-13,18972.30078125,19198.19921875,18972.30078125,18972.30078125,96510
2017-10-16,18972.30078125,19198.19921875,18897.0,18897.0,90746
2017-10-17,18897.0,19122.900390625,18821.80078125,18972.30078125,92233
2017-10-18,18972.30078125,19198.19921875,18897.0,18897.0,97719
2017-10-19,18897.0,19122.900390625,18821.80078125,18972.30078125,88527
2017-10-20,18897.0,19198.19921875,18897.0,19047.599609375,94053
2017-10-23,19047.599609375,19047.599609375,18746.5,18821.80078125,99499
2017-10-24,18746.5,18897.0,18595.900390625,18821.80078125,99339
2017-10-25,18897.0,19047.599609375,18821.80078125,18972.30078125,70835
2017-10-26,18972.30078125,19047.599609375,18671.19921875,18821.80078125,93389
2017-10-27,18897.0,18897.0,18671.19921875,18897.0,90387
2017-10-30,18897.0,18972.30078125,18595.900390625,18671.19921875,89869
2017-10-31,18520.599609375,18671.19921875,18370.0,18595.900390625,95195
2017-11-01,18671.19921875,18821.80078125,18445.30078125,18821.80078125,80677
2017-11-02,18821.80078125,18821.80078125,18483.0,18483.0,86057
2017-11-03,18520.599609375,18520.599609375,18370.0,18445.30078125,94345
2017-11-06,18445.30078125,18595.900390625,18068.900390625,18068.900390625,89351
2017-11-07,18219.5,18219.5,17767.69921875,17993.599609375,72668
2017-11-08,17993.599609375,18294.69921875,17918.30078125,18144.19921875,73717
2017-11-09,18068.900390625,18370.0,18068.900390625,18068.900390625,69241
2017-11-10,18068.900390625,18068.900390625,17466.599609375,17466.599609375,71473
2017-11-13,17391.30078125,17466.599609375,16939.599609375,17165.400390625,66346
2017-11-14,17316.0,17316.0,16939.599609375,17203.099609375,75271
2017-11-15,17240.69921875,17240.69921875,17014.900390625,17090.19921875,66186
2017-11-16,17090.19921875,17090.19921875,16487.900390625,16939.599609375,81527
2017-11-17,16939.599609375,17014.900390625,15772.599609375,15960.900390625,94079
2017-11-20,16036.099609375,16186.7001953125,15885.599609375,16036.099609375,59412
2017-11-21,16036.099609375,16186.7001953125,15885.599609375,15960.900390625,65376
2017-11-22,15960.900390625,16337.2998046875,15960.900390625,16262.0,72363
2017-11-24,16337.2998046875,16337.2998046875,16036.099609375,16337.2998046875,67740
2017-11-27,16412.599609375,16563.099609375,16186.7001953125,16412.599609375,49477
2017-11-28,16487.900390625,16563.099609375,16262.0,16337.2998046875,69666
2017-11-29,16337.2998046875,16563.099609375,16337.2998046875,16563.099609375,68736
2017-11-30,16563.099609375,17316.0,16563.099609375,17165.400390625,90759
2017-12-01,17165.400390625,17316.0,17014.900390625,17165.400390625,69919
2017-12-04,17165.400390625,17617.19921875,17165.400390625,17466.599609375,75617
2017-12-05,17541.900390625,17692.5,17316.0,17391.30078125,79296
2017-12-06,17466.599609375,17466.599609375,17090.19921875,17240.69921875,72004
2017-12-07,17316.0,17316.0,17014.900390625,17090.19921875,67833
2017-12-08,17090.19921875,17316.0,16939.599609375,17090.19921875,81647
2017-12-11,17090.19921875,17090.19921875,16939.599609375,17014.900390625,59997
2017-12-12,17014.900390625,17240.69921875,17014.900390625,17090.19921875,74621
2017-12-13,17090.19921875,17165.400390625,16939.599609375,17014.900390625,64074
2017-12-14,17014.900390625,17165.400390625,16563.099609375,16713.69921875,65987
2017-12-15,16563.099609375,16713.69921875,16337.2998046875,16412.599609375,65841
2017-12-18,16487.900390625,16563.099609375,16036.099609375,16036.099609375,54830
2017-12-19,16036.099609375,16111.400390625,15433.7998046875,15885.599609375,67302
2017-12-20,16186.7001953125,16262.0,15810.2998046875,15960.900390625,65881
2017-12-21,16036.099609375,16186.7001953125,15659.7001953125,15735.0,54989
2017-12-22,15810.2998046875,16036.099609375,15584.400390625,15584.400390625,52890
2017-12-26,14681.0,14756.2998046875,14078.7001953125,14229.2001953125,45452
2017-12-27,15208.0,15208.0,15208.0,15208.0,929
2017-12-28,14530.400390625,16186.7001953125,14379.7998046875,16186.7001953125,6534
2017-12-29,16186.7001953125,16186.7001953125,15960.900390625,16036.099609375,39449
2018-01-02,16036.099609375,16111.400390625,15735.0,15885.599609375,45014
2018-01-03,15885.599609375,16036.099609375,15810.2998046875,15885.599609375,42105
2018-01-04,15810.2998046875,15810.2998046875,14831.5,14906.7998046875,48547
2018-01-05,14982.099609375,15283.2998046875,14906.7998046875,15283.2998046875,53648
2018-01-08,15358.599609375,15509.099609375,15283.2998046875,15358.599609375,103855
2018-01-09,15509.099609375,15509.099609375,15208.0,15358.599609375,68444
2018-01-10,15433.7998046875,15659.7001953125,15283.2998046875,15433.7998046875,69055
2018-01-11,15433.7998046875,15659.7001953125,15358.599609375,15584.400390625,79309
2018-01-12,15584.400390625,15735.0,15509.099609375,15509.099609375,78977
2018-01-16,15735.0,15810.2998046875,15509.099609375,15735.0,78353
2018-01-17,15810.2998046875,15810.2998046875,15358.599609375,15358.599609375,142136
2018-01-18,15358.599609375,15358.599609375,14906.7998046875,15057.400390625,64818
2018-01-19,15132.7001953125,15208.0,14906.7998046875,14906.7998046875,82882
2018-01-22,14906.7998046875,14906.7998046875,14906.7998046875,14906.7998046875,0
2018-01-23,14906.7998046875,14906.7998046875,14906.7998046875,14906.7998046875,0
2018-01-24,14906.7998046875,14906.7998046875,14906.7998046875,14906.7998046875,0
2018-01-25,15057.400390625,15132.7001953125,14906.7998046875,14982.099609375,81421
2018-01-26,14906.7998046875,15132.7001953125,14906.7998046875,14982.099609375,73199
2018-01-29,14982.099609375,14982.099609375,14681.0,14756.2998046875,72469
2018-01-30,14756.2998046875,14831.5,14605.7001953125,14756.2998046875,73731
2018-01-31,14756.2998046875,14831.5,14229.2001953125,14229.2001953125,75603
2018-02-01,14304.5,14379.7998046875,14078.7001953125,14154.0,72137
2018-02-02,14229.2001953125,14379.7998046875,14154.0,14304.5,138151
2018-02-05,14304.5,14379.7998046875,13476.400390625,13551.7001953125,185104
2018-02-06,13175.2001953125,13325.7998046875,12798.7998046875,13175.2001953125,65110
2018-02-07,13476.400390625,13627.0,13024.7001953125,13099.900390625,56822
2018-02-08,13099.900390625,14003.400390625,13099.900390625,14003.400390625,1407
2018-02-09,14003.400390625,14003.400390625,13551.7001953125,13777.5,70370
2018-02-12,13852.7998046875,13928.099609375,13325.7998046875,13551.7001953125,64327
2018-02-13,13551.7001953125,13702.2001953125,13476.400390625,13551.7001953125,64380
2018-02-14,13551.7001953125,13551.7001953125,13551.7001953125,13551.7001953125,0
2018-02-15,13551.7001953125,13551.7001953125,13551.7001953125,13551.7001953125,0
2018-02-16,13551.7001953125,13551.7001953125,13551.7001953125,13551.7001953125,0
2018-02-20,13551.7001953125,13551.7001953125,13551.7001953125,13551.7001953125,0
2018-02-21,13551.7001953125,14003.400390625,13551.7001953125,14003.400390625,68617
2018-02-22,14003.400390625,14003.400390625,13250.5,13250.5,83759
2018-02-23,13250.5,13476.400390625,12422.400390625,12422.400390625,72641
2018-02-26,12798.7998046875,13024.7001953125,12798.7998046875,12874.099609375,75205
2018-02-27,12874.099609375,12949.400390625,12798.7998046875,12798.7998046875,74448
2018-02-28,12798.7998046875,12798.7998046875,12798.7998046875,12798.7998046875,0
2018-03-01,12723.5,12798.7998046875,12045.900390625,12045.900390625,90068
2018-03-02,12045.900390625,12347.099609375,12045.900390625,12347.099609375,65031
2018-03-05,12422.400390625,12497.599609375,12271.7998046875,12347.099609375,65203
2018-03-06,12422.400390625,12723.5,12347.099609375,12648.2001953125,76347
2018-03-07,12723.5,12874.099609375,12497.599609375,12648.2001953125,68351
2018-03-08,12648.2001953125,12949.400390625,12572.900390625,12798.7998046875,69175
2018-03-09,12874.099609375,12874.099609375,12648.2001953125,12723.5,82803
2018-03-12,12723.5,12874.099609375,12422.400390625,12497.599609375,75683
2018-03-13,12497.599609375,12572.900390625,11970.599609375,12045.900390625,76254
2018-03-14,12196.5,12347.099609375,11820.099609375,11820.099609375,78632
2018-03-15,11895.400390625,12121.2001953125,11744.7998046875,11820.099609375,72708
2018-03-16,11895.400390625,12196.5,11895.400390625,12045.900390625,68497
2018-03-19,12121.2001953125,12196.5,11820.099609375,11820.099609375,78021
2018-03-20,11820.099609375,11970.599609375,11368.2998046875,11443.599609375,66027
2018-03-21,11443.599609375,11744.7998046875,11443.599609375,11594.2001953125,61245
2018-03-22,11594.2001953125,11744.7998046875,11594.2001953125,11669.5,48002
2018-03-23,11594.2001953125,11594.2001953125,11142.5,11293.099609375,72814
2018-03-26,11293.099609375,11594.2001953125,11293.099609375,11518.900390625,56742
2018-03-27,11518.900390625,11669.5,11293.099609375,11518.900390625,67754
2018-03-28,11594.2001953125,11669.5,11443.599609375,11518.900390625,69042
2018-03-29,11594.2001953125,11594.2001953125,11443.599609375,11594.2001953125,60143
2018-04-02,11518.900390625,11669.5,11518.900390625,11518.900390625,60886
2018-04-03,11443.599609375,11594.2001953125,11217.7998046875,11293.099609375,83971
2018-04-04,11443.599609375,11744.7998046875,11443.599609375,11443.599609375,58323
2018-04-05,11293.099609375,11594.2001953125,11217.7998046875,11217.7998046875,91317
2018-04-06,11368.2998046875,11518.900390625,11293.099609375,11368.2998046875,63848
2018-04-09,11443.599609375,11518.900390625,11293.099609375,11443.599609375,77888
2018-04-10,11443.599609375,11481.2998046875,11293.099609375,11368.2998046875,77941
2018-04-11,11368.2998046875,11443.599609375,11293.099609375,11293.099609375,66133
2018-04-12,11293.099609375,11594.2001953125,11293.099609375,11443.599609375,86229
2018-04-13,11443.599609375,11594.2001953125,11368.2998046875,11368.2998046875,68139
2018-04-16,11368.2998046875,11443.599609375,11217.7998046875,11293.099609375,71340
2018-04-17,11368.2998046875,11443.599609375,11217.7998046875,11293.099609375,67700
2018-04-18,11293.099609375,11443.599609375,11293.099609375,11293.099609375,63410
2018-04-19,11383.400390625,11462.5,11264.7998046875,11383.400390625,73344
2018-04-20,11462.5,11620.599609375,11462.5,11462.5,74660
2018-04-23,11462.5,11620.599609375,11067.2001953125,11067.2001953125,72636
2018-04-24,11067.2001953125,11146.2001953125,10751.0,11146.2001953125,70055
2018-04-25,11146.2001953125,11146.2001953125,11146.2001953125,11146.2001953125,0
2018-04-26,11067.2001953125,11106.7001953125,10988.099609375,11027.7001953125,68031
2018-04-27,10988.099609375,11067.2001953125,10909.099609375,11027.7001953125,55040
2018-04-30,11027.7001953125,11027.7001953125,11027.7001953125,11027.7001953125,0
2018-05-01,11027.7001953125,11027.7001953125,11027.7001953125,11027.7001953125,0
2018-05-02,10988.099609375,11067.2001953125,10909.099609375,10909.099609375,67133
2018-05-03,10988.099609375,10988.099609375,10751.0,10909.099609375,72092
2018-05-04,10909.099609375,11146.2001953125,10751.0,10909.099609375,68929
2018-05-07,10909.099609375,11067.2001953125,10830.0,11067.2001953125,68310
2018-05-08,11067.2001953125,11304.2998046875,10909.099609375,11067.2001953125,69271
2018-05-09,10988.099609375,11225.2998046875,10988.099609375,10988.099609375,68234
2018-05-10,11067.2001953125,11146.2001953125,10276.7001953125,10830.0,61010
2018-05-11,10830.0,11146.2001953125,10671.900390625,10909.099609375,81466
2018-05-14,10909.099609375,11067.2001953125,10909.099609375,11067.2001953125,62857
2018-05-15,11067.2001953125,11304.2998046875,11067.2001953125,11146.2001953125,75849
2018-05-16,11067.2001953125,11146.2001953125,10790.5,10988.099609375,65742
2018-05-17,10988.099609375,11067.2001953125,10830.0,10830.0,64009
2018-05-18,10909.099609375,10909.099609375,10592.900390625,10909.099609375,67399
2018-05-21,10988.099609375,10988.099609375,10671.900390625,10751.0,56292
2018-05-22,10751.0,10751.0,10355.7001953125,10592.900390625,57658
2018-05-23,10830.0,10988.099609375,10553.400390625,10553.400390625,68879
2018-05-24,10671.900390625,10671.900390625,10474.2998046875,10513.7998046875,57886
2018-05-25,10592.900390625,10592.900390625,10434.7998046875,10513.7998046875,58809
2018-05-29,10316.2001953125,10513.7998046875,10197.599609375,10513.7998046875,59315
2018-05-30,10513.7998046875,10751.0,10513.7998046875,10592.900390625,92345
2018-05-31,10592.900390625,10671.900390625,10434.7998046875,10434.7998046875,60998
2018-06-01,10513.7998046875,10830.0,10513.7998046875,10671.900390625,72585
2018-06-04,10671.900390625,10830.0,10671.900390625,10751.0,48120
2018-06-05,10751.0,10830.0,10395.2998046875,10434.7998046875,84059
2018-06-06,10434.7998046875,10671.900390625,10276.7001953125,10513.7998046875,57937
2018-06-07,10434.7998046875,10751.0,10434.7998046875,10513.7998046875,65995
2018-06-08,10434.7998046875,10671.900390625,10434.7998046875,10513.7998046875,61630
2018-06-11,10513.7998046875,10909.099609375,10513.7998046875,10592.900390625,79037
2018-06-12,10671.900390625,10671.900390625,10276.7001953125,10355.7001953125,67563
2018-06-13,10513.7998046875,10592.900390625,10276.7001953125,10434.7998046875,70814
2018-06-14,10434.7998046875,10592.900390625,10355.7001953125,10395.2998046875,69106
2018-06-15,10355.7001953125,10355.7001953125,9683.7900390625,10118.599609375,68297
2018-06-18,10118.599609375,10197.599609375,9881.419921875,9960.4697265625,75520
2018-06-19,9881.419921875,9960.4697265625,9723.3203125,9723.3203125,56305
2018-06-20,9723.3203125,9802.3701171875,9565.2197265625,9762.849609375,57658
2018-06-21,10197.599609375,10276.7001953125,9960.4697265625,10039.5,67917
2018-06-22,10039.5,10197.599609375,9960.4697265625,10197.599609375,77759
2018-06-25,10118.599609375,10434.7998046875,10118.599609375,10355.7001953125,70017
2018-06-26,10355.7001953125,10355.7001953125,9960.4697265625,10118.599609375,74609
2018-06-27,10039.5,10276.7001953125,9644.26953125,9960.4697265625,74065
2018-06-28,9881.419921875,10039.5,9802.3701171875,9881.419921875,69903
2018-06-29,9881.419921875,10039.5,9802.3701171875,10039.5,63376
2018-07-02,10039.5,10118.599609375,9802.3701171875,10039.5,70549
2018-07-03,10039.5,10197.599609375,9920.9501953125,10000.0,63553
2018-07-05,10118.599609375,10118.599609375,9960.4697265625,10000.0,74255
2018-07-06,10039.5,10197.599609375,10000.0,10158.099609375,91548
2018-07-09,10197.599609375,10355.7001953125,10118.599609375,10197.599609375,68676
2018-07-10,10197.599609375,10434.7998046875,10118.599609375,10118.599609375,74407
2018-07-11,10197.599609375,10276.7001953125,10039.5,10079.099609375,80858
2018-07-12,10079.099609375,10276.7001953125,10079.099609375,10197.599609375,78430
2018-07-13,10197.599609375,10276.7001953125,10118.599609375,10197.599609375,74204
2018-07-16,10197.599609375,10237.2001953125,10118.599609375,10197.599609375,79884
2018-07-17,10237.2001953125,10513.7998046875,10197.599609375,10513.7998046875,101731
2018-07-18,10592.900390625,11225.2998046875,10513.7998046875,10513.7998046875,180945
2018-07-19,10513.7998046875,10751.0,10434.7998046875,10592.900390625,89309
2018-07-20,10592.900390625,10592.900390625,10039.5,10079.099609375,91510
2018-07-23,10039.5,10118.599609375,9802.3701171875,9802.3701171875,91206
2018-07-24,9802.3701171875,9802.3701171875,9802.3701171875,9802.3701171875,0
2018-07-25,9723.3203125,9802.3701171875,9644.26953125,9683.7900390625,142186
2018-07-26,9723.3203125,9723.3203125,9090.91015625,9407.1103515625,102351
2018-07-27,9407.1103515625,9407.1103515625,9169.9599609375,9249.009765625,81263
2018-07-30,9249.009765625,9249.009765625,9011.8603515625,9249.009765625,118720
2018-07-31,9209.490234375,9486.169921875,9169.9599609375,9328.0595703125,105513
2018-08-01,9328.0595703125,9565.2197265625,9169.9599609375,9328.0595703125,107208
2018-08-02,9328.0595703125,9328.0595703125,8932.8095703125,8932.8095703125,105855
2018-08-03,9090.91015625,9090.91015625,8774.7001953125,8853.75,46223
2018-08-06,9011.8603515625,9011.8603515625,8300.400390625,8300.400390625,52965
2018-08-07,7747.0400390625,8774.7001953125,7723.31982421875,8656.1298828125,97721
2018-08-08,8695.650390625,8853.75,8656.1298828125,8695.650390625,54660
2018-08-09,8774.7001953125,8853.75,8616.599609375,8695.650390625,53876
2018-08-10,8774.7001953125,8853.75,8537.5498046875,8695.650390625,63566
2018-08-13,8695.650390625,8774.7001953125,8102.77001953125,8102.77001953125,100668
2018-08-14,7944.66015625,7944.66015625,7541.5,7905.14013671875,102768
2018-08-15,7905.14013671875,8023.72021484375,7826.08984375,7984.18994140625,103325
2018-08-16,7984.18994140625,8498.01953125,7984.18994140625,8458.5,110725
2018-08-17,8537.5498046875,8537.5498046875,8221.33984375,8458.5,84628
2018-08-20,8458.5,8695.650390625,8300.400390625,8537.5498046875,111573
2018-08-21,8695.650390625,8853.75,8537.5498046875,8616.599609375,143691
2018-08-22,8616.599609375,8774.7001953125,8379.4501953125,8379.4501953125,167764
2018-08-23,8695.650390625,8774.7001953125,8458.5,8458.5,296187
2018-08-24,8616.599609375,9011.8603515625,8379.4501953125,8458.5,558775
2018-08-27,8458.5,8853.75,8458.5,8774.7001953125,36368
2018-08-28,8577.080078125,8932.8095703125,8577.080078125,8932.8095703125,27058
2018-08-29,8616.599609375,8695.650390625,8616.599609375,8695.650390625,22390
2018-08-30,8695.650390625,8695.650390625,8537.5498046875,8537.5498046875,69650
2018-08-31,8616.599609375,8774.7001953125,8458.5,8458.5,105007
2018-09-04,8458.5,8695.650390625,8458.5,8695.650390625,19038
2018-09-05,8695.650390625,8695.650390625,8458.5,8695.650390625,32801
2018-09-06,8932.8095703125,8932.8095703125,8458.5,8656.1298828125,23630
2018-09-07,8656.1298828125,8932.8095703125,8458.5,8695.650390625,24401
2018-09-10,8695.650390625,8695.650390625,8537.5498046875,8577.080078125,11638
2018-09-11,8695.650390625,8695.650390625,8537.5498046875,8616.599609375,3845
2018-09-12,8616.599609375,8656.1298828125,8616.599609375,8656.1298828125,872
2018-09-13,8577.080078125,8616.599609375,8577.080078125,8616.599609375,6122
2018-09-14,8616.599609375,8656.1298828125,8537.5498046875,8656.1298828125,7665
2018-09-17,8616.599609375,8656.1298828125,8537.5498046875,8537.5498046875,23048
2018-09-18,8616.599609375,8616.599609375,8616.599609375,8616.599609375,4048
2018-09-19,8537.5498046875,8656.1298828125,8537.5498046875,8656.1298828125,20505
2018-09-20,8656.1298828125,8656.1298828125,8498.01953125,8498.01953125,13383
2018-09-21,8498.01953125,8656.1298828125,8498.01953125,8656.1298828125,4895
2018-09-24,8537.5498046875,8537.5498046875,8458.5,8458.5,56697
2018-09-25,8458.5,8656.1298828125,8418.9697265625,8656.1298828125,56203
2018-09-26,8695.650390625,9249.009765625,8616.599609375,8616.599609375,377147
2018-09-27,9169.9599609375,9209.490234375,9090.91015625,9209.490234375,128992
2018-09-28,9486.169921875,9841.900390625,9486.169921875,9841.900390625,83072
2018-10-01,9841.900390625,10434.7998046875,9841.900390625,9881.419921875,140794
2018-10-02,10039.5,10316.2001953125,9881.419921875,9881.419921875,55343
2018-10-03,9486.169921875,10039.5,9249.009765625,9486.169921875,32915
2018-10-04,9486.169921875,9841.900390625,9249.009765625,9644.26953125,25375
2018-10-05,9683.7900390625,9881.419921875,9486.169921875,9644.26953125,14041
2018-10-08,9407.1103515625,9762.849609375,9407.1103515625,9486.169921875,13130
2018-10-09,9802.3701171875,9802.3701171875,9407.1103515625,9565.2197265625,73180
2018-10-10,9565.2197265625,9565.2197265625,9407.1103515625,9565.2197265625,7008
2018-10-11,9407.1103515625,9407.1103515625,8932.8095703125,8932.8095703125,76583
2018-10-12,8893.2802734375,9486.169921875,8893.2802734375,9486.169921875,29942
2018-10-15,9802.3701171875,9802.3701171875,9486.169921875,9723.3203125,22491
2018-10-16,9486.169921875,9644.26953125,9486.169921875,9644.26953125,33358
2018-10-17,9723.3203125,9881.419921875,9644.26953125,9723.3203125,61150
2018-10-18,9723.3203125,9802.3701171875,9644.26953125,9644.26953125,61415
2018-10-19,9565.2197265625,9723.3203125,9407.1103515625,9644.26953125,66981
2018-10-22,9723.3203125,9723.3203125,9486.169921875,9565.2197265625,72421
2018-10-23,9407.1103515625,9407.1103515625,9249.009765625,9249.009765625,72168
2018-10-24,9328.0595703125,9407.1103515625,9249.009765625,9367.58984375,96304
2018-10-25,9169.9599609375,9249.009765625,8735.1796875,9169.9599609375,115355
2018-10-26,9169.9599609375,9644.26953125,9169.9599609375,9328.0595703125,95279
2018-10-29,9328.0595703125,9486.169921875,9249.009765625,9407.1103515625,66640
2018-10-30,9407.1103515625,9565.2197265625,9328.0595703125,9565.2197265625,87449
2018-10-31,9565.2197265625,9881.419921875,9486.169921875,9723.3203125,97556
2018-11-01,9644.26953125,9762.849609375,9486.169921875,9762.849609375,81731
2018-11-02,9762.849609375,9802.3701171875,9723.3203125,9802.3701171875,121566
2018-11-05,9802.3701171875,9920.9501953125,9802.3701171875,9881.419921875,261614
2018-11-06,9802.3701171875,10158.099609375,9802.3701171875,10158.099609375,355313
2018-11-07,10087.0,10826.099609375,10087.0,10608.7001953125,553978
2018-11-08,10434.7998046875,10434.7998046875,10043.5,10130.400390625,742543
2018-11-09,10130.400390625,10434.7998046875,9913.0400390625,10347.7998046875,754917
2018-11-12,10347.7998046875,10826.099609375,10000.0,10826.099609375,647783
2018-11-13,10782.599609375,10913.0,10347.7998046875,10347.7998046875,1276385
2018-11-14,10347.7998046875,10347.7998046875,10087.0,10130.400390625,74968
2018-11-15,10087.0,10130.400390625,9434.7802734375,9652.169921875,158895
2018-11-16,9652.169921875,10000.0,9304.349609375,9304.349609375,143922
2018-11-19,9173.91015625,9565.2197265625,9130.4296875,9391.2998046875,221467
2018-11-20,9304.349609375,10043.5,9260.8701171875,10043.5,230736
2018-11-21,10043.5,10608.7001953125,9652.169921875,10217.400390625,116380
2018-11-23,10217.400390625,10782.599609375,10217.400390625,10521.7001953125,300495
2018-11-26,10434.7998046875,10913.0,10434.7998046875,10695.7001953125,89976
2018-11-27,10434.7998046875,10956.5,10434.7998046875,10739.099609375,146843
2018-11-28,10565.2001953125,10782.599609375,10565.2001953125,10695.7001953125,27554
2018-11-29,10782.599609375,11304.2998046875,10782.599609375,10869.599609375,63054
2018-11-30,10869.599609375,11565.2001953125,10869.599609375,11565.2001953125,464071
2018-12-03,11826.099609375,11913.0,11565.2001953125,11652.2001953125,118415
2018-12-04,11478.2998046875,12217.400390625,11304.2998046875,12217.400390625,298597
2018-12-06,11782.599609375,11826.099609375,11521.7001953125,11782.599609375,122210
2018-12-07,11652.2001953125,12000.0,11652.2001953125,11652.2001953125,79419
2018-12-10,11652.2001953125,12130.400390625,11652.2001953125,12130.400390625,121141
2018-12-11,12217.400390625,12521.7001953125,12173.900390625,12521.7001953125,309580
2018-12-12,12521.7001953125,12521.7001953125,12521.7001953125,12521.7001953125,0
2018-12-13,12608.7001953125,12608.7001953125,12173.900390625,12347.7998046875,139288
2018-12-14,12217.400390625,12521.7001953125,12173.900390625,12521.7001953125,231610
2018-12-17,12521.7001953125,12521.7001953125,12217.400390625,12304.2998046875,260475
2018-12-18,12304.2998046875,12434.7998046875,11913.0,12130.400390625,462541
2018-12-19,12434.7998046875,12521.7001953125,12000.0,12521.7001953125,105777
2018-12-20,12260.900390625,13043.5,12217.400390625,13043.5,196558
2018-12-21,13043.5,13043.5,12608.7001953125,12956.5,154376
2018-12-24,12956.5,12956.5,12695.7001953125,12782.599609375,112596
2018-12-26,12956.5,13043.5,12434.7998046875,12739.099609375,91770
2018-12-27,12608.7001953125,12956.5,12434.7998046875,12956.5,195948
2018-12-28,12956.5,12956.5,12956.5,12956.5,0
2018-12-31,12956.5,12956.5,12956.5,12956.5,0
2019-01-02,13087.0,13391.2998046875,12652.2001953125,12695.7001953125,66780
2019-01-03,12608.7001953125,12695.7001953125,12173.900390625,12695.7001953125,80155
2019-01-04,12087.0,13521.7001953125,12087.0,12608.7001953125,94990
2019-01-07,12608.7001953125,12695.7001953125,12173.900390625,12521.7001953125,83639
2019-01-08,12087.0,12087.0,11826.099609375,12000.0,44677
2019-01-09,12000.0,12000.0,11739.099609375,11739.099609375,92046
2019-01-10,11565.2001953125,12347.7998046875,11565.2001953125,12000.0,51876
2019-01-11,12260.900390625,12260.900390625,11782.599609375,12173.900390625,35351
2019-01-14,12130.400390625,12173.900390625,11913.0,12087.0,110331
2019-01-15,11826.099609375,12260.900390625,11826.099609375,12260.900390625,74117
2019-01-16,12260.900390625,12347.7998046875,12087.0,12173.900390625,39307
2019-01-17,12087.0,12521.7001953125,12000.0,12521.7001953125,146763
2019-01-18,12521.7001953125,12521.7001953125,12087.0,12347.7998046875,97439
2019-01-22,12173.900390625,12521.7001953125,12087.0,12478.2998046875,199973
2019-01-23,12434.7998046875,12521.7001953125,12434.7998046875,12521.7001953125,73577
2019-01-24,12434.7998046875,12608.7001953125,12391.2998046875,12608.7001953125,77590
2019-01-25,12608.7001953125,12869.599609375,12521.7001953125,12869.599609375,159942
2019-01-28,12869.599609375,12869.599609375,12434.7998046875,12869.599609375,138046
2019-01-29,12695.7001953125,13043.5,12391.2998046875,13043.5,164059
2019-01-30,12782.599609375,13478.2998046875,12695.7001953125,13478.2998046875,173477
2019-01-31,13521.7001953125,13521.7001953125,12956.5,13434.7998046875,90551
2019-02-01,13043.5,13652.2001953125,13043.5,13652.2001953125,142025
2019-02-04,13652.2001953125,13652.2001953125,13652.2001953125,13652.2001953125,0
2019-02-05,13652.2001953125,13652.2001953125,13652.2001953125,13652.2001953125,0
2019-02-06,13652.2001953125,13652.2001953125,13652.2001953125,13652.2001953125,0
2019-02-07,13652.2001953125,13652.2001953125,13652.2001953125,13652.2001953125,0
2019-02-08,13652.2001953125,13652.2001953125,13652.2001953125,13652.2001953125,0
2019-02-11,13478.2998046875,14347.7998046875,13304.2998046875,14347.7998046875,117817
2019-02-12,14173.900390625,14521.7001953125,13826.099609375,13913.0,45931
2019-02-13,14000.0,14087.0,13565.2001953125,13565.2001953125,79787
2019-02-14,13652.2001953125,13739.099609375,13304.2998046875,13739.099609375,91931
2019-02-15,13652.2001953125,13652.2001953125,13391.2998046875,13652.2001953125,21976
2019-02-19,13652.2001953125,13652.2001953125,13347.7998046875,13347.7998046875,110837
2019-02-20,13304.2998046875,13304.2998046875,13087.0,13087.0,39514
2019-02-21,13043.5,13304.2998046875,13043.5,13304.2998046875,48668
2019-02-22,13304.2998046875,13304.2998046875,13043.5,13217.400390625,37398
2019-02-25,13217.400390625,13217.400390625,13000.0,13130.400390625,152513
2019-02-26,13043.5,13217.400390625,13043.5,13217.400390625,33005
2019-02-27,13130.400390625,13304.2998046875,13043.5,13304.2998046875,62456
2019-02-28,13304.2998046875,13304.2998046875,12956.5,13217.400390625,88561
2019-03-01,13217.400390625,13217.400390625,12956.5,13217.400390625,97784
2019-03-04,13217.400390625,13391.2998046875,12956.5,13304.2998046875,271986
2019-03-05,13304.2998046875,13391.2998046875,13130.400390625,13304.2998046875,104397
2019-03-06,13304.2998046875,13478.2998046875,13173.900390625,13478.2998046875,92092
2019-03-07,13478.2998046875,13565.2001953125,13304.2998046875,13565.2001953125,180561
2019-03-08,13565.2001953125,13565.2001953125,13565.2001953125,13565.2001953125,0
2019-03-11,13217.400390625,13478.2998046875,13217.400390625,13478.2998046875,67919
2019-03-12,13478.2998046875,13478.2998046875,13217.400390625,13217.400390625,82006
2019-03-13,13130.400390625,13913.0,13130.400390625,13913.0,365976
2019-03-14,13913.0,14260.900390625,13739.099609375,14043.5,228873
2019-03-15,14087.0,14087.0,13565.2001953125,13739.099609375,184517
2019-03-18,13478.2998046875,13826.099609375,13478.2998046875,13826.099609375,154939
2019-03-19,13652.2001953125,13826.099609375,13304.2998046875,13565.2001953125,170418
2019-03-20,13565.2001953125,13565.2001953125,13217.400390625,13478.2998046875,99946
2019-03-21,13173.900390625,13478.2998046875,13043.5,13173.900390625,133043
2019-03-22,13217.400390625,13391.2998046875,13173.900390625,13304.2998046875,90022
2019-03-25,13130.400390625,13304.2998046875,13043.5,13304.2998046875,60225
2019-03-26,13304.2998046875,13304.2998046875,13043.5,13260.900390625,106409
2019-03-27,13304.2998046875,13304.2998046875,13043.5,13043.5,84766
2019-03-28,13217.400390625,13739.099609375,13217.400390625,13434.7998046875,81592
2019-03-29,13478.2998046875,13478.2998046875,13217.400390625,13391.2998046875,86825
2019-04-01,13391.2998046875,13391.2998046875,13043.5,13130.400390625,78119
2019-04-02,13130.400390625,13391.2998046875,13087.0,13217.400390625,88308
2019-04-03,13217.400390625,13304.2998046875,13043.5,13304.2998046875,140679
2019-04-04,13391.2998046875,13391.2998046875,13087.0,13304.2998046875,30509
2019-04-05,13304.2998046875,13391.2998046875,13087.0,13304.2998046875,83053
2019-04-08,13304.2998046875,13304.2998046875,13043.5,13130.400390625,78832
2019-04-09,13130.400390625,13304.2998046875,13043.5,13217.400390625,65285
2019-04-10,13130.400390625,13217.400390625,13130.400390625,13217.400390625,47081
2019-04-11,13217.400390625,13217.400390625,13130.400390625,13173.900390625,48242
2019-04-12,13130.400390625,13130.400390625,13043.5,13130.400390625,56982
2019-04-15,13130.400390625,13130.400390625,13130.400390625,13130.400390625,0
2019-04-16,13087.0,13173.900390625,13043.5,13130.400390625,72680
2019-04-17,13087.0,13130.400390625,13043.5,13043.5,79994
2019-04-18,13130.400390625,13130.400390625,12956.5,13043.5,42607
2019-04-22,13130.400390625,13130.400390625,12956.5,13043.5,17365
2019-04-23,13000.0,13478.2998046875,12608.7001953125,13304.2998046875,226320
2019-04-24,13217.400390625,13260.900390625,13217.400390625,13217.400390625,66079
2019-04-25,13217.400390625,13304.2998046875,13130.400390625,13130.400390625,86894
2019-04-26,13173.900390625,13217.400390625,13130.400390625,13217.400390625,199134
2019-04-29,13217.400390625,13217.400390625,13217.400390625,13217.400390625,0
2019-04-30,13217.400390625,13217.400390625,13217.400390625,13217.400390625,0
2019-05-01,13217.400390625,13217.400390625,13217.400390625,13217.400390625,0
2019-05-02,13217.400390625,13478.2998046875,13087.0,13304.2998046875,114252
2019-05-03,13173.900390625,13391.2998046875,13087.0,13304.2998046875,71553
2019-05-06,13304.2998046875,13304.2998046875,13087.0,13217.400390625,110319
2019-05-07,13130.400390625,13304.2998046875,13087.0,13173.900390625,135182
2019-05-08,13173.900390625,13217.400390625,13043.5,13217.400390625,74485
2019-05-09,13173.900390625,13173.900390625,12913.0,13173.900390625,44183
2019-05-10,13087.0,13130.400390625,13043.5,13130.400390625,42331
2019-05-13,13043.5,13130.400390625,13043.5,13087.0,242569
2019-05-14,13087.0,13913.0,13087.0,13173.900390625,139656
2019-05-15,13087.0,13217.400390625,13043.5,13173.900390625,102626
2019-05-16,13043.5,13478.2998046875,13043.5,13478.2998046875,240292
2019-05-17,13391.2998046875,14260.900390625,13391.2998046875,14087.0,220144
2019-05-20,13913.0,14782.599609375,13913.0,14782.599609375,172373
2019-05-21,14608.7001953125,15043.5,14608.7001953125,15043.5,102338
2019-05-22,14782.599609375,15130.400390625,14695.7001953125,15000.0,73439
2019-05-23,15000.0,15043.5,14608.7001953125,14869.599609375,48553
2019-05-24,14695.7001953125,14956.5,14434.7998046875,14869.599609375,31935
2019-05-28,14782.599609375,15043.5,14608.7001953125,15043.5,48403
2019-05-29,15043.5,15043.5,14695.7001953125,14956.5,65814
2019-05-30,14956.5,15304.2998046875,14608.7001953125,15304.2998046875,200951
2019-05-31,15304.2998046875,15652.2001953125,15304.2998046875,15652.2001953125,121727
2019-06-03,15652.2001953125,15826.099609375,15478.2998046875,15652.2001953125,144785
2019-06-04,15652.2001953125,16000.0,15304.2998046875,15478.2998046875,112366
2019-06-05,15565.2001953125,15652.2001953125,14956.5,15304.2998046875,118634
2019-06-06,15130.400390625,15478.2998046875,14956.5,15478.2998046875,66516
2019-06-07,15478.2998046875,15652.2001953125,15304.2998046875,15478.2998046875,45908
2019-06-10,15391.2998046875,15913.0,15217.400390625,15913.0,177560
2019-06-11,15913.0,16087.0,15565.2001953125,16087.0,109872
2019-06-12,16100.0,17000.0,16050.0,17000.0,288480
2019-06-13,17000.0,17700.0,17000.0,17500.0,115450
2019-06-14,17500.0,18200.0,16900.0,17400.0,123620
2019-06-17,17100.0,17300.0,16900.0,17300.0,19180
2019-06-18,17300.0,18000.0,17300.0,17600.0,279770
2019-06-19,17700.0,18400.0,17500.0,17900.0,184080
2019-06-20,17700.0,18000.0,17400.0,17400.0,62310
2019-06-21,17500.0,17900.0,17200.0,17900.0,108510
2019-06-24,17900.0,17900.0,17450.0,17800.0,152010
2019-06-25,17800.0,17800.0,17400.0,17700.0,188290
2019-06-26,17500.0,18100.0,17400.0,18100.0,80270
2019-06-27,17900.0,18200.0,17500.0,18000.0,151640
2019-06-28,18200.0,19100.0,17700.0,19100.0,224200
2019-07-01,19100.0,19800.0,18900.0,19800.0,176480
2019-07-02,19800.0,20000.0,19150.0,19600.0,111050
2019-07-03,19600.0,19800.0,18700.0,19100.0,103440
2019-07-05,19100.0,19500.0,18500.0,19200.0,50700
2019-07-08,19200.0,19400.0,18650.0,19100.0,95380
2019-07-09,19100.0,19100.0,19100.0,19100.0,0
2019-07-10,18500.0,19000.0,18500.0,18900.0,128880
2019-07-11,19000.0,19000.0,18450.0,18500.0,174400
2019-07-12,18500.0,18900.0,18500.0,18500.0,75120
2019-07-15,18550.0,18900.0,18550.0,18900.0,158350
2019-07-16,18900.0,19100.0,18500.0,19000.0,130490
2019-07-17,19000.0,19000.0,18550.0,18900.0,143010
2019-07-18,18900.0,18900.0,18500.0,18700.0,124880
2019-07-19,18500.0,18700.0,18500.0,18700.0,66510
2019-07-22,18700.0,18700.0,18500.0,18700.0,64700
2019-07-23,18400.0,18900.0,18300.0,18700.0,107330
2019-07-24,18600.0,19350.0,18400.0,19300.0,188530
2019-07-25,19300.0,19300.0,19300.0,19300.0,0
2019-07-26,19300.0,19300.0,19300.0,19300.0,0
2019-07-29,19300.0,19300.0,19300.0,19300.0,0
2019-07-30,19300.0,19300.0,19300.0,19300.0,0
2019-07-31,19300.0,20300.0,19250.0,20300.0,178840
2019-08-01,20300.0,20500.0,19950.0,20400.0,126360
2019-08-02,20400.0,20400.0,19800.0,20200.0,49730
2019-08-05,20000.0,20000.0,19400.0,19400.0,104070
2019-08-06,19400.0,19400.0,19400.0,19400.0,0
2019-08-07,19300.0,19900.0,19300.0,19800.0,74210
2019-08-08,19300.0,19700.0,19300.0,19700.0,89180
2019-08-09,19700.0,19700.0,19700.0,19700.0,0
2019-08-12,19600.0,19600.0,19200.0,19500.0,57990
2019-08-13,19300.0,19500.0,19000.0,19400.0,71900
2019-08-14,19400.0,19500.0,18900.0,18900.0,76080
2019-08-15,18900.0,19500.0,18600.0,19500.0,52230
2019-08-16,19500.0,19500.0,19500.0,19500.0,0
2019-08-19,19500.0,19500.0,19500.0,19500.0,0
2019-08-20,19500.0,19500.0,19500.0,19500.0,0
2019-08-21,19400.0,19450.0,19100.0,19100.0,30780
2019-08-22,19100.0,19400.0,19100.0,19400.0,58610
2019-08-23,19400.0,20300.0,19300.0,20300.0,89850
2019-08-26,20300.0,20300.0,19750.0,20000.0,81260
2019-08-27,20000.0,20000.0,19500.0,19900.0,43660
2019-08-28,19900.0,20000.0,19550.0,19600.0,99850
2019-08-29,19550.0,19800.0,19500.0,19800.0,62290
2019-08-30,19800.0,20300.0,19800.0,20300.0,163830
2019-09-03,20300.0,20300.0,19600.0,19700.0,54520
2019-09-04,19700.0,20000.0,19650.0,20000.0,57150
2019-09-05,19900.0,20100.0,19700.0,20000.0,79270
2019-09-06,20000.0,20100.0,19800.0,20050.0,87750
2019-09-09,20050.0,20150.0,19900.0,20150.0,40170
2019-09-10,20200.0,21550.0,20200.0,21550.0,459450
2019-09-11,22200.0,23050.0,22200.0,23050.0,246660
2019-09-12,23500.0,24500.0,23300.0,23800.0,215680
2019-09-13,22850.0,22850.0,22150.0,22200.0,363040
2019-09-16,21800.0,22000.0,21200.0,22000.0,125310
2019-09-17,21600.0,22800.0,21500.0,22800.0,98710
2019-09-18,22000.0,22600.0,21500.0,22100.0,55120
2019-09-19,22000.0,22300.0,21200.0,21900.0,100860
2019-09-20,21500.0,21900.0,21000.0,21400.0,107220
2019-09-23,21000.0,21400.0,20800.0,21200.0,107390
2019-09-24,20900.0,21600.0,20900.0,21500.0,83640
2019-09-25,21500.0,21600.0,21000.0,21400.0,65600
2019-09-26,21400.0,21700.0,21000.0,21700.0,76570
2019-09-27,21550.0,21800.0,21400.0,21800.0,31450
2019-09-30,21800.0,22100.0,21500.0,22100.0,40770
2019-10-01,22100.0,22200.0,21800.0,22200.0,59980
2019-10-02,22000.0,22200.0,21700.0,22000.0,64830
2019-10-03,21600.0,22300.0,21500.0,22000.0,59570
2019-10-04,22000.0,22100.0,21800.0,22100.0,16950
2019-10-07,21600.0,22300.0,21600.0,22000.0,26370
2019-10-08,21600.0,21950.0,21600.0,21950.0,27930
2019-10-09,21600.0,21950.0,21550.0,21900.0,52510
2019-10-10,21600.0,21900.0,21600.0,21800.0,45890
2019-10-11,21800.0,21900.0,21700.0,21800.0,41030
2019-10-14,21800.0,22000.0,21600.0,21900.0,58720
2019-10-15,21900.0,21900.0,21600.0,21850.0,48210
2019-10-16,21700.0,21800.0,21250.0,21550.0,47040
2019-10-17,21550.0,22300.0,21550.0,22300.0,68120
2019-10-18,22300.0,22900.0,22300.0,22450.0,106210
2019-10-21,22450.0,22600.0,21100.0,22500.0,127010
2019-10-22,22500.0,22600.0,22000.0,22500.0,139630
2019-10-23,22100.0,22400.0,21600.0,22000.0,96230
2019-10-24,21900.0,22300.0,21800.0,22000.0,101410
2019-10-25,21900.0,22100.0,21700.0,22000.0,185530
2019-10-28,22000.0,22100.0,21800.0,22000.0,26140
2019-10-29,22000.0,22000.0,21600.0,21700.0,98860
2019-10-30,21700.0,22000.0,21700.0,22000.0,64780
2019-10-31,22000.0,22400.0,22000.0,22000.0,37530
2019-11-01,22000.0,22100.0,21900.0,22100.0,18230
2019-11-04,22000.0,22000.0,21600.0,22000.0,86650
2019-11-05,21700.0,22050.0,21600.0,22000.0,67560
2019-11-06,22000.0,22050.0,21700.0,22000.0,39620
2019-11-07,21800.0,22000.0,21700.0,22000.0,56490
2019-11-08,22000.0,22000.0,21700.0,21850.0,51310
2019-11-11,21850.0,21850.0,21500.0,21500.0,45540
2019-11-12,21500.0,21800.0,21500.0,21800.0,50610
2019-11-13,21600.0,21800.0,21600.0,21800.0,61690
2019-11-14,21800.0,21800.0,21500.0,21800.0,46620
2019-11-15,21800.0,21800.0,21450.0,21800.0,15050
2019-11-18,21600.0,21800.0,21600.0,21800.0,28900
2019-11-19,21600.0,21600.0,21500.0,21600.0,19920
2019-11-20,21500.0,21600.0,21400.0,21600.0,63250
2019-11-21,21500.0,21600.0,21500.0,21600.0,13320
2019-11-22,21500.0,21600.0,21500.0,21500.0,47210
2019-11-25,21350.0,21500.0,21200.0,21500.0,14150
2019-11-26,21400.0,21500.0,21300.0,21400.0,30100
2019-11-27,21400.0,21500.0,21100.0,21400.0,18300
2019-11-29,21450.0,21600.0,21000.0,21600.0,36100
2019-12-02,21800.0,22800.0,21500.0,22700.0,120680
2019-12-06,22600.0,23400.0,22500.0,23000.0,140350
2019-12-09,23000.0,24100.0,23000.0,23800.0,181920
2019-12-10,23800.0,24000.0,23600.0,23800.0,58800
2019-12-11,23550.0,23750.0,23500.0,23500.0,78450
2019-12-12,23400.0,23800.0,23400.0,23700.0,99040
2019-12-13,23800.0,24000.0,23500.0,24000.0,106030
2019-12-16,24000.0,25000.0,24000.0,24800.0,183630
2019-12-17,24800.0,25000.0,24500.0,24600.0,143760
2019-12-18,24550.0,24700.0,24200.0,24400.0,65890
2019-12-19,24200.0,24800.0,24200.0,24700.0,93800
2019-12-20,24600.0,26400.0,24500.0,26350.0,500150
2019-12-23,26500.0,26500.0,26200.0,26500.0,234170
2019-12-24,26300.0,26500.0,26300.0,26350.0,223600
2019-12-26,25900.0,25900.0,25000.0,25500.0,210040
2019-12-27,25500.0,26200.0,25100.0,26000.0,101890
2019-12-30,25900.0,26200.0,25600.0,25600.0,126840
2019-12-31,25500.0,25800.0,24500.0,25800.0,120030
2020-01-02,25700.0,26100.0,25100.0,26100.0,49280
2020-01-03,26100.0,26300.0,25500.0,26200.0,19060
2020-01-06,25700.0,26000.0,25600.0,26000.0,9630
2020-01-07,25600.0,26000.0,25500.0,25600.0,16160
2020-01-08,25700.0,26000.0,25100.0,26000.0,56070
2020-01-09,25700.0,26000.0,25700.0,25950.0,7980
2020-01-10,25950.0,25950.0,25450.0,25850.0,42180
2020-01-13,25700.0,26000.0,25600.0,25850.0,44900
2020-01-14,25850.0,25850.0,25550.0,25800.0,14960
2020-01-15,25800.0,26200.0,25300.0,26200.0,50810
2020-01-16,26200.0,26300.0,25300.0,25800.0,56740
2020-01-17,25900.0,25900.0,25100.0,25550.0,23970
2020-01-21,26300.0,26300.0,25700.0,25900.0,85800
2020-01-22,25900.0,26000.0,25500.0,25900.0,8950
2020-01-23,25900.0,25900.0,25900.0,25900.0,0
2020-01-24,25900.0,25900.0,25900.0,25900.0,0
2020-01-27,25900.0,25900.0,25900.0,25900.0,0
2020-01-28,25900.0,25900.0,25900.0,25900.0,0
2020-01-29,25900.0,25900.0,25900.0,25900.0,0
2020-01-30,25900.0,26200.0,24700.0,25800.0,11370
2020-01-31,25700.0,25700.0,24500.0,25500.0,7800
2020-02-03,24200.0,25200.0,23750.0,24450.0,137960
2020-02-04,24000.0,24000.0,23600.0,23800.0,5390
2020-02-05,23800.0,24200.0,22900.0,24000.0,37050
2020-02-06,24000.0,24500.0,24000.0,24000.0,60770
2020-02-07,24400.0,24400.0,23900.0,23950.0,6650
2020-02-10,23950.0,23950.0,23750.0,23850.0,20840
2020-02-11,24150.0,24150.0,23300.0,23850.0,265290
2020-02-12,23900.0,24200.0,23700.0,23950.0,27120
2020-02-13,24000.0,24700.0,23750.0,24350.0,49590
2020-02-14,24350.0,24350.0,23900.0,24250.0,7180
2020-02-18,23900.0,24300.0,23800.0,24100.0,34340
2020-02-19,24100.0,24100.0,23800.0,24000.0,18580
2020-02-20,23700.0,25000.0,23700.0,24000.0,132330
2020-02-21,24000.0,24000.0,23700.0,24000.0,35230
2020-02-24,24500.0,24500.0,23800.0,24000.0,32910
2020-02-25,24000.0,24100.0,23700.0,24000.0,58280
2020-02-26,24000.0,24500.0,24000.0,24300.0,26790
2020-02-27,24300.0,25000.0,24200.0,25000.0,29800
2020-02-28,25000.0,26000.0,24300.0,25000.0,17070
2020-03-02,25000.0,25500.0,24700.0,25500.0,12020
2020-03-03,26200.0,26500.0,25500.0,25900.0,52260
2020-03-04,25900.0,26100.0,25200.0,26100.0,36890
2020-03-05,26300.0,26300.0,25700.0,26000.0,23080
2020-03-06,25500.0,26500.0,25300.0,25500.0,14400
2020-03-09,25000.0,25000.0,24600.0,25000.0,3700
2020-03-10,24500.0,25000.0,24000.0,25000.0,5260
2020-03-11,24300.0,24900.0,23800.0,24900.0,66140
2020-03-12,23200.0,25000.0,23200.0,24500.0,47250
2020-03-13,22800.0,24200.0,22800.0,24200.0,71930
2020-03-16,24000.0,24400.0,23600.0,24000.0,55410
2020-03-17,23000.0,24000.0,23000.0,24000.0,11420
2020-03-18,24000.0,24800.0,24000.0,24500.0,15980
2020-03-19,24000.0,24500.0,23300.0,24100.0,19800
2020-03-20,23800.0,24500.0,23800.0,24000.0,4660
2020-03-23,23600.0,23900.0,23500.0,23900.0,14240
2020-03-24,23900.0,24200.0,23000.0,23400.0,18210
2020-03-25,24000.0,24500.0,23500.0,24000.0,18330
2020-03-26,24000.0,24000.0,23700.0,23700.0,5760
2020-03-27,22800.0,24000.0,22800.0,23500.0,8680
2020-03-30,23200.0,23500.0,23000.0,23000.0,12560
2020-03-31,22800.0,23500.0,22500.0,22500.0,10080
2020-04-01,22300.0,23300.0,22300.0,22500.0,7200
2020-04-02,22500.0,22500.0,22500.0,22500.0,0
2020-04-03,22500.0,23500.0,20950.0,23000.0,48060
2020-04-06,22700.0,23400.0,22000.0,22000.0,12980
2020-04-07,22000.0,23000.0,21000.0,22900.0,40350
2020-04-08,22500.0,22700.0,21300.0,22600.0,85300
2020-04-09,22000.0,24000.0,21050.0,23850.0,79270
2020-04-13,23900.0,24000.0,23600.0,24000.0,27140
2020-04-14,24000.0,24200.0,23400.0,24000.0,59710
2020-04-15,24200.0,25000.0,23900.0,24900.0,180850
2020-04-16,24900.0,25500.0,24850.0,25300.0,47430
2020-04-17,25300.0,27050.0,24600.0,27050.0,295470
2020-04-20,28850.0,28900.0,27000.0,27500.0,91820
2020-04-21,26900.0,27300.0,25600.0,26400.0,62980
2020-04-22,26000.0,27200.0,25000.0,27000.0,53960
2020-04-23,27200.0,27400.0,26000.0,26800.0,71230
2020-04-24,26600.0,26900.0,26000.0,26900.0,28390
2020-04-27,27300.0,27300.0,26000.0,26300.0,53510
2020-04-28,26000.0,27000.0,25800.0,25800.0,26940
2020-04-29,26000.0,26000.0,25400.0,25500.0,73910
2020-04-30,25500.0,25500.0,25500.0,25500.0,0
2020-05-01,25500.0,25500.0,25500.0,25500.0,0
2020-05-04,25800.0,25800.0,24000.0,24700.0,73340
2020-05-05,25300.0,25300.0,23900.0,24400.0,30090
2020-05-06,24400.0,25000.0,24300.0,24900.0,53340
2020-05-07,24800.0,25900.0,24700.0,25900.0,46290
2020-05-08,25900.0,25900.0,25500.0,25600.0,46560
2020-05-11,25600.0,25600.0,25000.0,25500.0,52170
2020-05-12,25500.0,25700.0,25300.0,25600.0,32610
2020-05-13,25600.0,25700.0,25100.0,25500.0,131530
2020-05-14,25600.0,25600.0,25200.0,25600.0,4980
2020-05-15,25600.0,25600.0,25600.0,25600.0,0
2020-05-18,25600.0,25600.0,25600.0,25600.0,0
2020-05-19,26200.0,26500.0,25900.0,26500.0,36140
2020-05-20,26500.0,26500.0,26500.0,26500.0,0
2020-05-21,25800.0,26000.0,25200.0,26000.0,5003650
2020-05-22,25700.0,25700.0,24900.0,25000.0,18930
2020-05-26,25000.0,25500.0,24000.0,25500.0,43810
2020-05-27,25350.0,25700.0,25000.0,25100.0,7530
2020-05-28,24700.0,25050.0,24500.0,24900.0,7270
2020-05-29,24300.0,24900.0,24000.0,24900.0,26000
2020-06-01,24900.0,24900.0,24100.0,24800.0,14380
2020-06-02,24500.0,24800.0,24100.0,24100.0,18270
2020-06-03,24100.0,24300.0,24100.0,24200.0,14010
2020-06-04,24200.0,24500.0,24000.0,24500.0,78440
2020-06-05,24000.0,24600.0,23650.0,24000.0,62470
2020-06-08,24000.0,24000.0,24000.0,24000.0,0
2020-06-09,24000.0,24000.0,24000.0,24000.0,0
2020-06-10,26400.0,27300.0,26000.0,27300.0,154810
2020-06-11,27200.0,27200.0,25400.0,25400.0,126300
2020-06-12,23650.0,25000.0,23650.0,24000.0,73860
2020-06-15,24000.0,24500.0,22500.0,24500.0,20250
2020-06-16,24500.0,24500.0,23600.0,24000.0,17110
2020-06-17,24000.0,24000.0,23800.0,23900.0,8060
2020-06-18,23900.0,24000.0,23700.0,24000.0,19930
2020-06-19,24000.0,24000.0,23800.0,24000.0,25030
2020-06-22,24300.0,24300.0,23800.0,24000.0,21940
2020-06-23,24000.0,24000.0,23800.0,23900.0,36680
2020-06-24,23900.0,23900.0,23700.0,23900.0,16100
2020-06-25,23800.0,23800.0,23100.0,23750.0,14730
2020-06-26,23750.0,23750.0,23400.0,23700.0,8280
2020-06-29,23700.0,23700.0,23000.0,23700.0,11380
2020-06-30,23700.0,23700.0,23300.0,23700.0,150740
2020-07-01,23700.0,24050.0,23500.0,24000.0,233230
2020-07-02,24000.0,24300.0,23800.0,23850.0,74630
2020-07-06,23200.0,23900.0,23200.0,23900.0,520
2020-07-07,23900.0,23900.0,23250.0,23600.0,119110
2020-07-08,23600.0,23600.0,23250.0,23600.0,104320
2020-07-09,23600.0,23600.0,23250.0,23400.0,83480
2020-07-10,23400.0,23400.0,23400.0,23400.0,0
2020-07-13,23900.0,23900.0,23300.0,23500.0,1500
2020-07-14,23500.0,24000.0,23350.0,23700.0,271240
2020-07-15,23700.0,23700.0,23500.0,23700.0,439000
2020-07-16,23800.0,24000.0,23500.0,23700.0,7410
2020-07-17,23700.0,23700.0,22700.0,23500.0,23980
2020-07-20,23000.0,23300.0,22900.0,23000.0,16810
2020-07-21,23000.0,23000.0,22400.0,22800.0,13460
2020-07-22,22800.0,22800.0,22300.0,22400.0,11480
2020-07-23,22300.0,22400.0,21700.0,22400.0,24210
2020-07-24,23300.0,23300.0,21500.0,22400.0,5470
2020-07-27,22100.0,22400.0,20850.0,22400.0,37710
2020-07-28,22400.0,22400.0,21800.0,22000.0,77430
2020-07-29,22000.0,22400.0,21400.0,22400.0,6150
2020-07-30,22400.0,23000.0,22000.0,23000.0,7150
2020-07-31,22800.0,23000.0,22500.0,23000.0,2120
2020-08-03,23000.0,23500.0,22600.0,23500.0,70640
2020-08-04,23500.0,23500.0,23200.0,23500.0,22730
2020-08-05,23300.0,23500.0,23200.0,23500.0,96220
2020-08-06,23500.0,23500.0,23200.0,23500.0,2390
2020-08-07,23700.0,23700.0,23200.0,23500.0,8990
2020-08-10,23500.0,24000.0,23400.0,23900.0,4090
2020-08-11,23900.0,23900.0,23600.0,23850.0,47550
2020-08-12,23850.0,24000.0,23500.0,23700.0,113430
2020-08-13,23700.0,23700.0,23200.0,23700.0,22360
2020-08-14,23600.0,23600.0,22900.0,23500.0,22990
2020-08-17,23500.0,23500.0,23000.0,23000.0,41230
2020-08-18,22700.0,22900.0,22500.0,22500.0,53910
2020-08-19,22500.0,22600.0,22500.0,22500.0,26980
2020-08-20,22700.0,22700.0,22500.0,22600.0,34140
2020-08-21,22700.0,22900.0,22700.0,22900.0,43220
2020-08-24,23000.0,23000.0,22700.0,22700.0,15030
2020-08-25,22700.0,23100.0,22700.0,23000.0,48110
2020-08-26,22900.0,23100.0,22500.0,22800.0,63330
2020-08-27,22700.0,22700.0,22500.0,22700.0,51780
2020-08-28,22500.0,22600.0,22400.0,22600.0,43450
2020-08-31,22600.0,22600.0,22200.0,22600.0,24560
2020-09-01,23000.0,23000.0,22000.0,22600.0,89870
2020-09-02,22600.0,22600.0,22600.0,22600.0,0
2020-09-03,22600.0,22600.0,21800.0,22300.0,67460
2020-09-04,22200.0,22300.0,22000.0,22000.0,52220
2020-09-08,22150.0,22150.0,21900.0,22150.0,17250
2020-09-09,22100.0,22100.0,21800.0,22100.0,6850
2020-09-10,22100.0,22100.0,21800.0,21800.0,16220
2020-09-11,21800.0,21800.0,21800.0,21800.0,0
2020-09-14,21800.0,22600.0,21800.0,22300.0,46950
2020-09-15,22300.0,22500.0,22300.0,22300.0,11800
2020-09-16,22300.0,22700.0,22250.0,22400.0,40160
2020-09-17,22700.0,22700.0,22300.0,22350.0,78050
2020-09-18,22350.0,22400.0,22100.0,22100.0,17780
2020-09-21,22200.0,22450.0,22000.0,22100.0,14480
2020-09-22,22050.0,22100.0,21900.0,22100.0,20620
2020-09-23,22100.0,22100.0,22000.0,22000.0,62840
2020-09-24,22000.0,22000.0,21700.0,21900.0,83930
2020-09-25,21700.0,21800.0,21500.0,21600.0,73280
2020-09-28,21600.0,21700.0,21050.0,21100.0,73350
2020-09-29,21100.0,21300.0,20850.0,20900.0,77690
2020-09-30,20800.0,21000.0,20200.0,20800.0,186140
2020-10-01,21200.0,21400.0,20750.0,21000.0,62400
2020-10-02,21300.0,21400.0,21000.0,21000.0,21390
2020-10-05,21000.0,21200.0,20800.0,20900.0,34600
2020-10-06,20900.0,20900.0,20750.0,20800.0,38030
2020-10-07,20900.0,21400.0,20750.0,21300.0,28980
2020-10-08,21400.0,21400.0,20800.0,20800.0,23140
2020-10-09,20900.0,21200.0,20800.0,21100.0,31720
2020-10-12,21100.0,21300.0,21000.0,21000.0,51020
2020-10-13,21000.0,21100.0,20800.0,20900.0,44730
2020-10-14,20900.0,21100.0,20900.0,20900.0,158430
2020-10-15,21000.0,21200.0,20950.0,21150.0,75730
2020-10-16,21150.0,21600.0,21100.0,21600.0,83150
2020-10-19,22100.0,22350.0,22000.0,22250.0,103110
2020-10-20,22350.0,22350.0,22050.0,22200.0,57390
2020-10-21,22200.0,22400.0,22000.0,22200.0,63780
2020-10-22,22100.0,22100.0,21800.0,22000.0,58610
2020-10-23,22000.0,22100.0,21500.0,21700.0,70560
2020-10-26,21800.0,22000.0,21400.0,21700.0,242240
2020-10-27,21700.0,21800.0,21400.0,21800.0,45160
2020-10-28,21800.0,21850.0,21300.0,21300.0,16330
2020-10-29,21300.0,21300.0,20200.0,20700.0,118310
2020-10-30,21100.0,21500.0,20700.0,21500.0,22220
2020-11-02,21500.0,21950.0,21500.0,21900.0,90800
2020-11-03,21900.0,22050.0,21800.0,21950.0,64270
2020-11-04,21950.0,22050.0,21750.0,21950.0,64710
2020-11-05,21950.0,21950.0,21500.0,21800.0,81500
2020-11-06,21800.0,21900.0,21550.0,21800.0,62500
2020-11-09,21800.0,21900.0,21600.0,21850.0,63330
2020-11-10,21900.0,22000.0,21700.0,21900.0,99010
2020-11-11,21900.0,22000.0,21600.0,21900.0,39370
2020-11-12,21900.0,21900.0,21550.0,21650.0,78150
2020-11-13,21650.0,21800.0,21400.0,21400.0,45850
2020-11-16,21400.0,21600.0,21000.0,21000.0,33140
2020-11-17,21000.0,21200.0,20800.0,21000.0,63490
2020-11-18,21000.0,21150.0,20800.0,21100.0,55550
2020-11-19,21000.0,21100.0,20300.0,20300.0,90250
2020-11-20,20500.0,20700.0,19900.0,19900.0,59030
2020-11-23,19900.0,20000.0,19200.0,19200.0,95480
2020-11-24,19200.0,19400.0,18950.0,19200.0,57640
2020-11-25,19200.0,19200.0,19000.0,19000.0,33260
2020-11-27,18950.0,19000.0,18500.0,18500.0,77410
2020-11-30,18500.0,18500.0,17950.0,18450.0,65990
2020-12-01,18250.0,18450.0,18200.0,18450.0,58720
2020-12-02,18400.0,18450.0,18000.0,18050.0,39400
2020-12-03,18100.0,18200.0,17900.0,17900.0,139530
2020-12-04,18100.0,18100.0,17800.0,17850.0,127800
2020-12-07,18000.0,18100.0,17800.0,17850.0,187850
2020-12-08,18000.0,18050.0,17900.0,18000.0,66860
2020-12-09,18050.0,19250.0,18050.0,19200.0,363770
2020-12-10,19300.0,20000.0,19000.0,20000.0,472610
2020-12-11,20000.0,20200.0,19600.0,19700.0,190770
2020-12-14,19550.0,20900.0,19100.0,20800.0,519580
2020-12-15,20800.0,21400.0,20450.0,20500.0,390950
2020-12-16,20500.0,20800.0,20450.0,20500.0,158420
2020-12-17,20500.0,20500.0,20050.0,20050.0,218480
2020-12-18,20050.0,20100.0,19700.0,20000.0,269750
2020-12-21,20000.0,20500.0,20000.0,20200.0,260660
2020-12-22,20100.0,20200.0,18950.0,20100.0,294850
2020-12-23,20300.0,20600.0,20200.0,20550.0,596530
2020-12-24,20750.0,21400.0,20400.0,20800.0,322600
2020-12-28,23600.0,23600.0,22300.0,23000.0,309630
2020-12-29,22800.0,22900.0,22500.0,22850.0,133910
2020-12-30,22850.0,22850.0,22150.0,22850.0,236780
2020-12-31,22600.0,23100.0,22300.0,23100.0,124740
2021-01-04,23500.0,24300.0,23500.0,23600.0,30720
2021-01-05,23550.0,24100.0,23100.0,24000.0,11550
2021-01-06,24000.0,24800.0,24000.0,24300.0,22390
2021-01-07,24400.0,24900.0,24300.0,24350.0,15450
2021-01-08,24500.0,24800.0,23650.0,23900.0,14420
2021-01-11,23900.0,23900.0,23900.0,23900.0,0
2021-01-12,23250.0,23550.0,22800.0,23000.0,20390
2021-01-13,23500.0,23500.0,22600.0,23100.0,6580
2021-01-14,22800.0,23000.0,22000.0,22700.0,15580
2021-01-15,22700.0,24000.0,22700.0,23400.0,14100
2021-01-19,24000.0,24000.0,22200.0,22600.0,19470
2021-01-20,22100.0,22600.0,21500.0,22600.0,7480
2021-01-21,21750.0,22600.0,21700.0,22600.0,8470
2021-01-22,22450.0,23750.0,21050.0,23300.0,22240
2021-01-25,23300.0,24000.0,23300.0,23800.0,32530
2021-01-26,24000.0,24000.0,22800.0,23750.0,15750
2021-01-27,23000.0,23700.0,22300.0,22500.0,22510
2021-01-28,20950.0,22350.0,20950.0,20950.0,16590
2021-01-29,19600.0,21950.0,19600.0,21500.0,24650
2021-02-01,21500.0,21500.0,20100.0,21300.0,20760
2021-02-02,21300.0,22600.0,20300.0,22500.0,37670
2021-02-03,22500.0,22700.0,20950.0,22400.0,21870
2021-02-04,22100.0,23400.0,21400.0,23200.0,52310
2021-02-05,21600.0,23200.0,21600.0,23200.0,36860
2021-02-08,22500.0,23000.0,21600.0,22300.0,28910
2021-02-09,22300.0,22300.0,22300.0,22300.0,0
2021-02-10,22300.0,22300.0,22300.0,22300.0,0
2021-02-11,22300.0,22300.0,22300.0,22300.0,0
2021-02-12,22300.0,22300.0,22300.0,22300.0,0
2021-02-16,22300.0,22300.0,22300.0,22300.0,0
2021-02-17,22900.0,22900.0,21800.0,21950.0,21330
2021-02-18,21950.0,22450.0,21400.0,22450.0,35780
2021-02-19,22450.0,23200.0,22300.0,23200.0,35810
2021-02-22,23200.0,23200.0,22400.0,22850.0,9790
2021-02-23,22850.0,22850.0,22100.0,22850.0,33350
2021-02-24,22850.0,22850.0,22850.0,22850.0,0
2021-02-25,22850.0,22850.0,22850.0,22850.0,0
2021-02-26,21700.0,21900.0,21100.0,21900.0,23030
2021-03-01,21900.0,21900.0,21000.0,21400.0,17960
2021-03-02,21700.0,21700.0,20050.0,21300.0,18820
2021-03-03,21250.0,21900.0,20800.0,21900.0,35440
2021-03-04,21950.0,21950.0,21150.0,21600.0,24710
2021-03-05,21700.0,21700.0,20800.0,21200.0,13080
2021-03-08,21200.0,21800.0,20650.0,21700.0,52580
2021-03-09,20800.0,21600.0,20500.0,20600.0,35730
2021-03-10,21350.0,21600.0,20600.0,21600.0,18640
2021-03-11,21000.0,21500.0,20500.0,21450.0,19050
2021-03-12,21450.0,21500.0,20600.0,21300.0,18340
2021-03-15,20800.0,21000.0,20400.0,21000.0,64970
2021-03-16,20500.0,21350.0,20300.0,21350.0,31050
2021-03-17,21000.0,21000.0,20400.0,21000.0,9400
2021-03-18,20600.0,21000.0,20200.0,21000.0,38220
2021-03-19,20600.0,20800.0,20000.0,20600.0,54930
2021-03-22,20600.0,20650.0,20400.0,20600.0,16850
2021-03-23,20650.0,20650.0,20050.0,20400.0,19020
2021-03-24,20350.0,20700.0,19850.0,20700.0,15030
2021-03-25,20100.0,20600.0,20000.0,20600.0,9410
2021-03-26,20600.0,20600.0,19200.0,20500.0,31250
2021-03-29,20450.0,20450.0,20200.0,20350.0,3000
2021-03-30,20350.0,20350.0,20000.0,20000.0,5330
2021-03-31,20200.0,20200.0,19800.0,19900.0,8010
2021-04-01,19900.0,20100.0,19750.0,20100.0,5030
2021-04-05,20100.0,20300.0,19950.0,20050.0,2310
2021-04-06,19800.0,20100.0,19800.0,20100.0,7360
2021-04-07,20000.0,20100.0,19800.0,20100.0,6020
2021-04-08,20200.0,20200.0,19800.0,19950.0,15470
2021-04-09,20000.0,20400.0,19850.0,20400.0,4660
2021-04-12,20400.0,20450.0,19900.0,20400.0,32420
2021-04-13,20500.0,21600.0,20300.0,21400.0,39170
2021-04-14,21200.0,21600.0,21050.0,21550.0,20780
2021-04-15,21600.0,21600.0,20850.0,21300.0,55660
2021-04-16,21250.0,21250.0,20400.0,20500.0,15600
2021-04-19,20400.0,20750.0,20100.0,20700.0,6880
2021-04-20,20800.0,20800.0,20200.0,20700.0,8240
2021-04-21,20700.0,20700.0,20700.0,20700.0,0
2021-04-22,20500.0,21600.0,20050.0,21300.0,40520
2021-04-23,21000.0,21000.0,20550.0,20600.0,3110
2021-04-26,20600.0,20800.0,20200.0,20800.0,6540
2021-04-27,20700.0,21100.0,20700.0,20900.0,30170
2021-04-28,20850.0,20850.0,20550.0,20550.0,1270
2021-04-29,20200.0,20900.0,20200.0,20700.0,8590
2021-04-30,20700.0,20700.0,20700.0,20700.0,0
2021-05-03,20700.0,20700.0,20700.0,20700.0,0
2021-05-04,20300.0,21000.0,20200.0,21000.0,11460
2021-05-05,21500.0,22450.0,21500.0,22450.0,49650
2021-05-06,22800.0,23800.0,22600.0,23800.0,44330
2021-05-07,23800.0,24200.0,23500.0,24000.0,46300
2021-05-10,23800.0,24500.0,23650.0,24300.0,51800
2021-05-11,24200.0,24500.0,23650.0,24500.0,70340
2021-05-12,24800.0,24800.0,24000.0,24550.0,69890
2021-05-13,24500.0,25200.0,22850.0,25000.0,114390
2021-05-14,25000.0,25450.0,24650.0,25400.0,95450
2021-05-17,25650.0,25650.0,24700.0,25400.0,65530
2021-05-18,25400.0,25400.0,24700.0,25100.0,76460
2021-05-19,25200.0,26800.0,25200.0,26800.0,99040
2021-05-20,26450.0,27350.0,26450.0,27300.0,96570
2021-05-21,27300.0,28800.0,27000.0,27250.0,127010
2021-05-24,27000.0,27700.0,26750.0,27600.0,77990
2021-05-25,27900.0,28450.0,27800.0,28050.0,70110
2021-05-26,28200.0,29250.0,28000.0,29250.0,85360
2021-05-27,29100.0,29900.0,29000.0,29900.0,65210
2021-05-28,29900.0,30600.0,29700.0,30600.0,70680
2021-06-01,30150.0,30150.0,28450.0,29500.0,64060
2021-06-02,29000.0,29500.0,28600.0,29500.0,74190
2021-06-03,29500.0,29600.0,29000.0,29500.0,66150
2021-06-04,29500.0,29500.0,28600.0,29350.0,42820
2021-06-07,29350.0,29500.0,28800.0,29000.0,413200
2021-06-08,29000.0,29000.0,29000.0,29000.0,0
2021-06-09,28400.0,28700.0,27000.0,28500.0,528500
2021-06-10,28500.0,28500.0,27750.0,28500.0,627200
2021-06-11,28500.0,29450.0,28300.0,29400.0,698200
2021-06-14,29450.0,29500.0,28800.0,29150.0,453900
2021-06-15,29150.0,29250.0,28600.0,28900.0,170500
2021-06-16,29000.0,29000.0,27100.0,28800.0,549700
2021-06-17,28700.0,28700.0,27800.0,28600.0,285800
2021-06-18,28600.0,28600.0,27500.0,28200.0,306200
2021-06-21,27600.0,28900.0,27600.0,28800.0,801000
2021-06-22,29000.0,29750.0,28600.0,29700.0,1485000
2021-06-29,29300.0,29500.0,27600.0,29100.0,1148200
2021-06-30,29100.0,29300.0,28500.0,29300.0,878900
2021-07-01,29300.0,29500.0,28700.0,29350.0,1020400
2021-07-02,29650.0,29650.0,29000.0,29300.0,743600
2021-07-06,29300.0,29300.0,29300.0,29300.0,0
2021-07-07,29300.0,29300.0,29300.0,29300.0,0
2021-07-08,29300.0,29300.0,29300.0,29300.0,0
2021-07-09,28300.0,28300.0,26450.0,28100.0,757600
2021-07-12,28100.0,28100.0,28100.0,28100.0,0
2021-07-13,27400.0,27900.0,27400.0,27900.0,744500
2021-07-14,27900.0,27900.0,27900.0,27900.0,0
2021-07-15,27400.0,28450.0,26100.0,28400.0,1871000
2021-07-16,28400.0,28400.0,28400.0,28400.0,0
2021-07-19,27800.0,27900.0,26500.0,27400.0,984400
2021-07-20,27300.0,27400.0,26050.0,27000.0,1595100
2021-07-21,26600.0,27600.0,26000.0,27500.0,1099300
2021-07-22,27500.0,28700.0,26500.0,28500.0,1111300
2021-07-23,28200.0,29000.0,27800.0,28800.0,1171900
2021-07-26,28600.0,29900.0,27900.0,29800.0,1636700
2021-07-27,29900.0,31500.0,29900.0,31500.0,1829800
2021-07-28,31600.0,32550.0,31600.0,32000.0,1827300
2021-07-29,31900.0,32550.0,30850.0,32150.0,2358900
2021-07-30,31900.0,33200.0,31300.0,32600.0,1554500
2021-08-02,32600.0,32600.0,32600.0,32600.0,0
2021-08-03,31700.0,32000.0,31000.0,31750.0,1409100
2021-08-04,31750.0,31750.0,31750.0,31750.0,0
2021-08-05,32000.0,32900.0,31300.0,32800.0,1706800
2021-08-06,32800.0,32900.0,32300.0,32800.0,1212600
2021-08-09,32800.0,32800.0,31950.0,32400.0,1631200
2021-08-10,32400.0,32400.0,32400.0,32400.0,0
2021-08-11,31000.0,31400.0,30600.0,31400.0,807100
2021-08-12,31400.0,31750.0,31100.0,31650.0,1344800
2021-08-13,31650.0,32450.0,31400.0,32000.0,1614100
2021-08-16,32000.0,34000.0,32000.0,33950.0,2053800
2021-08-17,33950.0,33950.0,33950.0,33950.0,0
2021-08-18,33800.0,34200.0,33800.0,34000.0,1839700
2021-08-19,34000.0,34100.0,33450.0,33700.0,844100
2021-08-20,33700.0,33700.0,31500.0,32500.0,961200
2021-08-23,32450.0,32500.0,30900.0,30900.0,769000
2021-08-24,31000.0,31800.0,30900.0,31800.0,1129300
2021-08-25,32000.0,33100.0,31700.0,33000.0,1611800
2021-08-26,33100.0,33300.0,32500.0,32700.0,640700
2021-08-27,32800.0,33000.0,32500.0,32850.0,787100
2021-08-30,32850.0,33150.0,32500.0,33000.0,1051500
2021-08-31,32800.0,33000.0,32550.0,32800.0,520600
2021-09-01,32800.0,32950.0,31000.0,32400.0,780200
2021-09-02,32400.0,32400.0,32400.0,32400.0,0
2021-09-03,32400.0,32400.0,32400.0,32400.0,0
2021-09-07,31600.0,32350.0,31100.0,32000.0,1754300
2021-09-08,32000.0,32000.0,32000.0,32000.0,0
2021-09-09,32400.0,32400.0,32000.0,32400.0,1040200
2021-09-10,32600.0,32600.0,31600.0,31700.0,1133400
2021-09-13,31700.0,31700.0,30500.0,31500.0,1070500
2021-09-14,31550.0,31750.0,31400.0,31750.0,566400
2021-09-15,31800.0,31850.0,31300.0,31400.0,433700
2021-09-16,31400.0,31600.0,30450.0,31600.0,1481000
2021-09-17,31900.0,32000.0,30800.0,31200.0,836100
2021-09-20,30800.0,31500.0,30000.0,30950.0,1067500
2021-09-21,30950.0,30950.0,30950.0,30950.0,0
2021-09-22,30950.0,30950.0,30950.0,30950.0,0
2021-09-23,30500.0,30800.0,30000.0,30200.0,470700
2021-09-24,30300.0,30500.0,29910.0,30500.0,96050000
2021-09-27,30700.0,31800.0,30500.0,31700.0,1805300
2021-09-28,32000.0,32150.0,31350.0,31700.0,1123900
2021-09-29,31700.0,31700.0,31000.0,31400.0,494700
2021-09-30,31400.0,31400.0,30450.0,31200.0,876400
2021-10-01,30500.0,31100.0,30000.0,30000.0,796700
2021-10-04,30000.0,30250.0,28500.0,29900.0,673130816
2021-10-05,30200.0,31000.0,30000.0,31000.0,1060600
2021-10-06,31000.0,31000.0,31000.0,31000.0,0
2021-10-07,32350.0,32400.0,31000.0,31500.0,1348300
2021-10-08,31500.0,31500.0,31500.0,31500.0,0
2021-10-11,31500.0,31500.0,31500.0,31500.0,0
2021-10-12,30750.0,30850.0,30000.0,30700.0,781100
2021-10-13,30100.0,30750.0,30100.0,30150.0,413100
2021-10-14,30150.0,30150.0,30150.0,30150.0,0
2021-10-15,30200.0,30200.0,28900.0,29000.0,1662700
2021-10-18,29000.0,29000.0,29000.0,29000.0,0
2021-10-19,29550.0,29600.0,29000.0,29600.0,634200
2021-10-20,29950.0,29950.0,28950.0,29200.0,771800
2021-10-21,29200.0,29300.0,28000.0,29200.0,1204500
2021-10-22,29100.0,29200.0,28000.0,28350.0,1345100
2021-10-25,28350.0,28350.0,28350.0,28350.0,0
2021-10-26,28350.0,28350.0,28350.0,28350.0,0
2021-10-27,28350.0,28350.0,28350.0,28350.0,0
2021-10-28,28600.0,28700.0,27500.0,28400.0,2253200
2021-10-29,28400.0,28400.0,26700.0,27000.0,2966100
2021-11-01,27000.0,27000.0,27000.0,27000.0,0
2021-11-02,27550.0,27500.0,27200.0,28000.0,598800
2021-11-03,27600.0,27600.0,26800.0,26800.0,1205200
2021-11-04,26800.0,27000.0,26300.0,26800.0,540800
2021-11-05,26900.0,27900.0,26850.0,27750.0,740100
2021-11-08,28300.0,29500.0,28150.0,29350.0,2040300
2021-11-09,29700.0,29800.0,28600.0,28750.0,1017400
2021-11-10,28650.0,29300.0,28300.0,29000.0,615500
2021-11-11,29100.0,29100.0,28000.0,28400.0,970600
2021-11-12,28400.0,28800.0,28100.0,28600.0,530500
2021-11-15,28600.0,28900.0,28450.0,28650.0,799700
2021-11-16,28650.0,28700.0,28200.0,28350.0,634500
2021-11-17,28400.0,28400.0,27950.0,28000.0,568000
2021-11-18,27900.0,28000.0,27250.0,27400.0,786800
2021-11-19,27100.0,28000.0,27000.0,27150.0,584300
2021-11-22,27150.0,27800.0,26850.0,26850.0,385800
2021-11-23,26850.0,27200.0,26800.0,27200.0,303500
2021-11-24,27400.0,27900.0,27200.0,27300.0,316600
2021-11-26,28500.0,28500.0,27500.0,27600.0,345800
2021-11-29,27000.0,27350.0,26900.0,27150.0,432100
2021-11-30,27800.0,27800.0,27000.0,27150.0,381000
2021-12-01,27800.0,27800.0,27000.0,27250.0,257100
2021-12-02,27000.0,27600.0,27000.0,27200.0,238800
2021-12-03,27400.0,27400.0,26000.0,26000.0,494900
2021-12-06,26000.0,26150.0,24200.0,24200.0,761000
2021-12-07,24300.0,24800.0,24200.0,24550.0,319600
2021-12-08,24700.0,24900.0,24300.0,24500.0,210200
2021-12-09,24500.0,25250.0,24400.0,25050.0,223100
2021-12-10,25250.0,25500.0,25050.0,25050.0,163900
2021-12-13,25050.0,25250.0,24800.0,25100.0,233900
2021-12-14,25100.0,26600.0,24800.0,25750.0,371500
2021-12-15,26400.0,26400.0,25700.0,25800.0,109500
2021-12-16,25750.0,25800.0,25250.0,25450.0,226300
2021-12-17,25250.0,25400.0,25000.0,25150.0,290000
2021-12-20,25150.0,25200.0,24500.0,24650.0,284300
2021-12-21,24500.0,24950.0,24400.0,24550.0,180000
2021-12-22,24500.0,24700.0,24000.0,24000.0,413000
2021-12-23,24500.0,25000.0,23900.0,24050.0,311200
2021-12-27,24000.0,24300.0,23950.0,23950.0,125900
2021-12-28,24000.0,24200.0,23700.0,23800.0,333200
2021-12-29,23800.0,25100.0,23800.0,24600.0,384500
2021-12-30,25400.0,25400.0,24400.0,24650.0,180500
2021-12-31,24550.0,25000.0,23000.0,24300.0,165900
2022-01-04,24550.0,24550.0,24150.0,24250.0,310100
2022-01-05,24250.0,24800.0,24200.0,24300.0,170400
2022-01-06,24300.0,24300.0,24000.0,24000.0,223800
2022-01-07,23500.0,24150.0,23500.0,23700.0,350100
2022-01-10,23500.0,23700.0,23200.0,23200.0,366300
2022-01-11,23650.0,23650.0,22900.0,23000.0,274700
2022-01-12,22950.0,23300.0,22000.0,22200.0,377400
2022-01-13,22200.0,22350.0,21500.0,21600.0,326100
2022-01-14,21600.0,21700.0,21000.0,21400.0,173200
2022-01-18,20750.0,21550.0,20500.0,21050.0,155900
2022-01-19,20700.0,21250.0,20700.0,20750.0,66000
2022-01-20,20600.0,21300.0,20600.0,21200.0,177400
2022-01-21,21650.0,21700.0,21100.0,21350.0,74400
2022-01-24,21100.0,21100.0,19950.0,19950.0,208200
2022-01-25,19850.0,19850.0,18900.0,19350.0,211000
2022-01-26,19500.0,19500.0,19000.0,19000.0,123600
2022-01-27,19100.0,19100.0,18300.0,18700.0,122700
2022-01-28,18550.0,19000.0,18500.0,19000.0,74700
2022-01-31,19000.0,19000.0,19000.0,19000.0,0
2022-02-07,20300.0,20300.0,19500.0,20100.0,112400
2022-02-08,20550.0,20550.0,20200.0,20200.0,109600
2022-02-09,20200.0,20300.0,20050.0,20150.0,111600
2022-02-10,20500.0,20800.0,20350.0,20600.0,137700
2022-02-11,20550.0,22000.0,20500.0,22000.0,643000
2022-02-14,22500.0,23500.0,22000.0,23300.0,740900
2022-02-15,23300.0,23300.0,23300.0,23300.0,0
2022-02-16,22600.0,22600.0,22250.0,22450.0,484200
2022-02-17,22900.0,23500.0,22100.0,22900.0,169800
2022-02-18,22900.0,22900.0,22300.0,22350.0,186200
2022-02-22,22350.0,22500.0,22000.0,22100.0,146900
2022-02-23,22100.0,22600.0,22000.0,22200.0,121300
2022-02-24,22500.0,22900.0,21200.0,22550.0,542800
2022-02-25,22550.0,23550.0,22550.0,23300.0,659700
2022-02-28,23400.0,24000.0,23000.0,23400.0,455500
2022-03-01,23500.0,23700.0,22650.0,22800.0,468900
2022-03-02,22800.0,22800.0,22000.0,22200.0,418900
2015-10-06,18479.544921875,18890.201171875,18479.544921875,18890.201171875,300016
2015-10-07,19163.97265625,19643.0703125,19095.529296875,19369.30078125,265344
2015-10-08,19437.7421875,19574.62890625,19163.97265625,19163.97265625,273145
2015-10-11,18821.7578125,18958.642578125,18684.873046875,18821.7578125,195417
2015-10-12,18684.873046875,18821.7578125,18616.4296875,18753.314453125,238036
2015-10-13,18753.314453125,19095.529296875,18753.314453125,18753.314453125,247066
2015-10-14,18753.314453125,18890.201171875,18616.4296875,18684.873046875,4162893
2015-10-15,18684.873046875,18821.7578125,18684.873046875,18684.873046875,255541
2015-10-18,18684.873046875,18821.7578125,18616.4296875,18616.4296875,341378
2015-10-19,18684.873046875,18753.314453125,18547.986328125,18547.986328125,273379
2015-10-20,18547.986328125,18616.4296875,18479.544921875,18547.986328125,253917
2015-10-21,18547.986328125,18684.873046875,18479.544921875,18547.986328125,292651
2015-10-22,18616.4296875,18753.314453125,18616.4296875,18684.873046875,298626
2015-10-25,18616.4296875,18753.314453125,18547.986328125,18684.873046875,345177
2015-10-26,18616.4296875,18616.4296875,18411.1015625,18479.544921875,246628
2015-10-27,18479.544921875,18616.4296875,18411.1015625,18411.1015625,243151
2015-10-28,18411.1015625,19027.0859375,18411.1015625,19027.0859375,323335
2015-10-29,18890.201171875,20327.498046875,18684.873046875,20327.498046875,3349045
2015-11-01,20601.26953125,21696.353515625,20601.26953125,21696.353515625,309469
2015-11-02,21696.353515625,22243.896484375,20327.498046875,21901.681640625,310461
2015-11-03,20875.041015625,21901.681640625,20875.041015625,21696.353515625,339290
2015-11-04,20875.041015625,21901.681640625,20738.154296875,21764.796875,329149
2015-11-05,21285.697265625,21764.796875,21285.697265625,21422.58203125,326022
2015-11-08,21285.697265625,21559.46875,21217.25390625,21422.58203125,306721
2015-11-09,21422.58203125,21833.23828125,21354.140625,21696.353515625,390089
2015-11-10,21627.91015625,21833.23828125,21559.46875,21696.353515625,321989
2015-11-11,21627.91015625,21696.353515625,21217.25390625,21627.91015625,325614
2015-11-12,21491.025390625,22038.568359375,21217.25390625,21901.681640625,492001
2015-11-15,22243.896484375,23270.537109375,22243.896484375,22859.880859375,537133
2015-11-16,22859.880859375,22859.880859375,22243.896484375,22380.78125,395760
2015-11-17,22380.78125,22380.78125,21833.23828125,22243.896484375,320939
2015-11-18,20943.482421875,22380.78125,20875.041015625,22038.568359375,324591
2015-11-19,22038.568359375,22107.009765625,21833.23828125,21833.23828125,354178
2015-11-22,21764.796875,21901.681640625,21491.025390625,21491.025390625,226524
2015-11-23,21217.25390625,21559.46875,21217.25390625,21285.697265625,234515
2015-11-24,21354.140625,21833.23828125,21080.369140625,21559.46875,348917
2015-11-25,21491.025390625,21627.91015625,21285.697265625,21285.697265625,301637
2015-11-26,21217.25390625,21354.140625,20601.26953125,20601.26953125,277457
2015-11-29,21080.369140625,21080.369140625,20395.94140625,20532.826171875,318001
2015-11-30,20601.26953125,20806.59765625,20395.94140625,20395.94140625,256197
2015-12-01,20601.26953125,21559.46875,20464.384765625,20806.59765625,403620
2015-12-02,20806.59765625,21011.92578125,20738.154296875,20806.59765625,209518
2015-12-03,20669.712890625,20806.59765625,20601.26953125,20669.712890625,181274
2015-12-06,20532.826171875,20669.712890625,20327.498046875,20395.94140625,212278
2015-12-07,20053.728515625,20532.826171875,19916.841796875,20532.826171875,246057
2015-12-08,20669.712890625,20669.712890625,20327.498046875,20395.94140625,243765
2015-12-09,20532.826171875,20532.826171875,20190.61328125,20259.056640625,231972
2015-12-10,20327.498046875,20532.826171875,20190.61328125,20327.498046875,206361
2015-12-13,20395.94140625,20395.94140625,20259.056640625,20327.498046875,209342
2015-12-14,20395.94140625,20464.384765625,20327.498046875,20395.94140625,212263
2015-12-15,20464.384765625,20464.384765625,20327.498046875,20395.94140625,235378
2015-12-16,20327.498046875,20532.826171875,20327.498046875,20464.384765625,179857
2015-12-17,20395.94140625,20669.712890625,20327.498046875,20532.826171875,345689
2015-12-20,20601.26953125,20669.712890625,20532.826171875,20601.26953125,400334
2015-12-21,20601.26953125,21011.92578125,20601.26953125,20806.59765625,467031
2015-12-22,20669.712890625,20806.59765625,20601.26953125,20669.712890625,258945
2015-12-23,20738.154296875,20806.59765625,20669.712890625,20738.154296875,248674
2015-12-24,20738.154296875,20806.59765625,20669.712890625,20738.154296875,175853
2015-12-27,20738.154296875,20806.59765625,20601.26953125,20601.26953125,249345
2015-12-28,20532.826171875,20738.154296875,20464.384765625,20669.712890625,235012
2015-12-29,20601.26953125,20806.59765625,20601.26953125,20669.712890625,237862
2015-12-30,20532.826171875,20669.712890625,20532.826171875,20532.826171875,219189
2016-01-03,20601.26953125,20601.26953125,20259.056640625,20259.056640625,238300
2016-01-04,20259.056640625,20259.056640625,19848.3984375,19848.3984375,277662
2016-01-05,19848.3984375,20190.61328125,19848.3984375,19985.28515625,243998
2016-01-06,19916.841796875,19985.28515625,19711.513671875,19848.3984375,195797
2016-01-07,19848.3984375,19848.3984375,19643.0703125,19643.0703125,276623
2016-01-10,19574.62890625,19711.513671875,19574.62890625,19643.0703125,220709
2016-01-11,19643.0703125,19848.3984375,19574.62890625,19711.513671875,221556
2016-01-12,19848.3984375,19848.3984375,19574.62890625,19643.0703125,251012
2016-01-13,19574.62890625,19574.62890625,19369.30078125,19506.185546875,230849
2016-01-14,19643.0703125,19643.0703125,19232.4140625,19232.4140625,224111
2016-01-17,19027.0859375,19027.0859375,18547.986328125,18684.873046875,274256
2016-01-18,18547.986328125,19095.529296875,18547.986328125,19027.0859375,251829
2016-01-19,18890.201171875,19027.0859375,18753.314453125,18821.7578125,213973
2016-01-20,18616.4296875,18890.201171875,18616.4296875,18684.873046875,248089
2016-01-21,18821.7578125,18890.201171875,18616.4296875,18821.7578125,260070
2016-01-24,18958.642578125,20122.169921875,18958.642578125,20122.169921875,378372
2016-01-25,20122.169921875,20122.169921875,19711.513671875,19711.513671875,234252
2016-01-26,19916.841796875,20122.169921875,19916.841796875,19916.841796875,232441
2016-01-27,19779.95703125,19916.841796875,19574.62890625,19643.0703125,245400
2016-01-28,19643.0703125,19848.3984375,19643.0703125,19779.95703125,262333
2016-01-31,19779.95703125,19916.841796875,19711.513671875,19711.513671875,222520
2016-02-01,19574.62890625,19779.95703125,19574.62890625,19643.0703125,224638
2016-02-02,19643.0703125,19643.0703125,19369.30078125,19574.62890625,236502
2016-02-03,19506.185546875,19643.0703125,19506.185546875,19574.62890625,165260
2016-02-04,19574.62890625,19711.513671875,19506.185546875,19506.185546875,137295
2016-02-14,19163.97265625,19437.7421875,19095.529296875,19095.529296875,191033
2016-02-15,19095.529296875,19300.857421875,19095.529296875,19163.97265625,212469
2016-02-16,19163.97265625,19300.857421875,19027.0859375,19163.97265625,234822
2016-02-17,19300.857421875,19437.7421875,19232.4140625,19300.857421875,248688
2016-02-18,19232.4140625,19437.7421875,19163.97265625,19300.857421875,256694
2016-02-21,19232.4140625,19506.185546875,19232.4140625,19369.30078125,249857
2016-02-22,19369.30078125,19574.62890625,19369.30078125,19369.30078125,264176
2016-02-23,19300.857421875,19437.7421875,19232.4140625,19300.857421875,240959
2016-02-24,19300.857421875,19437.7421875,19232.4140625,19232.4140625,246554
2016-02-25,19300.857421875,19300.857421875,19095.529296875,19232.4140625,228320
2016-02-28,19232.4140625,19300.857421875,19095.529296875,19095.529296875,283330
2016-02-29,19163.97265625,19369.30078125,19163.97265625,19232.4140625,245824
2016-03-01,19369.30078125,19506.185546875,19300.857421875,19369.30078125,311047
2016-03-02,19232.4140625,19369.30078125,19163.97265625,19300.857421875,221059
2016-03-03,19232.4140625,19437.7421875,19232.4140625,19369.30078125,213651
2016-03-06,19369.30078125,19369.30078125,19232.4140625,19300.857421875,231213
2016-03-07,19232.4140625,19300.857421875,19232.4140625,19232.4140625,210540
2016-03-08,19232.4140625,19300.857421875,19163.97265625,19163.97265625,205059
2016-03-09,19163.97265625,19300.857421875,19095.529296875,19232.4140625,244145
2016-03-10,19232.4140625,19300.857421875,19163.97265625,19232.4140625,238022
2016-03-13,19232.4140625,19369.30078125,19163.97265625,19300.857421875,233186
2016-03-14,19232.4140625,19300.857421875,19163.97265625,19232.4140625,232441
2016-03-15,19232.4140625,19369.30078125,19232.4140625,19300.857421875,283138
2016-03-16,19369.30078125,19506.185546875,19300.857421875,19369.30078125,302382
2016-03-17,19369.30078125,19437.7421875,19300.857421875,19437.7421875,252983
2016-03-20,19369.30078125,19574.62890625,19369.30078125,19437.7421875,281839
2016-03-21,19437.7421875,19506.185546875,19300.857421875,19437.7421875,246816
2016-03-22,19437.7421875,19574.62890625,19369.30078125,19506.185546875,276244
2016-03-23,19506.185546875,19574.62890625,19369.30078125,19506.185546875,274418
2016-03-24,19506.185546875,19574.62890625,19437.7421875,19574.62890625,246394
2016-03-27,19574.62890625,19848.3984375,19437.7421875,19848.3984375,334000
2016-03-28,19916.841796875,20259.056640625,19848.3984375,20190.61328125,406045
2016-03-29,20122.169921875,20327.498046875,19985.28515625,20190.61328125,328959
2016-03-30,20190.61328125,20259.056640625,19985.28515625,19985.28515625,309235
2016-03-31,19985.28515625,19985.28515625,19711.513671875,19848.3984375,302150
2016-04-03,19779.95703125,19985.28515625,19711.513671875,19848.3984375,274870
2016-04-04,19916.841796875,20259.056640625,19848.3984375,20259.056640625,368978
2016-04-05,20259.056640625,20532.826171875,20259.056640625,20532.826171875,372411
2016-04-06,20532.826171875,20601.26953125,20327.498046875,20601.26953125,336777
2016-04-07,20601.26953125,20601.26953125,20327.498046875,20395.94140625,320178
2016-04-10,20464.384765625,20532.826171875,20190.61328125,20259.056640625,324838
2016-04-11,20259.056640625,20259.056640625,20053.728515625,20190.61328125,263080
2016-04-12,20259.056640625,20395.94140625,20122.169921875,20190.61328125,300921
2016-04-13,20190.61328125,20395.94140625,20122.169921875,20190.61328125,303040
2016-04-14,20190.61328125,20395.94140625,20190.61328125,20259.056640625,259208
2016-04-18,20259.056640625,20259.056640625,19916.841796875,19916.841796875,254634
2016-04-19,19779.95703125,20122.169921875,19779.95703125,20053.728515625,274827
2016-04-20,19985.28515625,20327.498046875,19985.28515625,20259.056640625,279662
2016-04-21,20190.61328125,20464.384765625,20122.169921875,20464.384765625,296129
2016-04-24,20464.384765625,20532.826171875,20259.056640625,20327.498046875,271262
2016-04-25,20327.498046875,20532.826171875,20190.61328125,20464.384765625,250135
2016-04-26,20395.94140625,20464.384765625,20259.056640625,20327.498046875,223850
2016-04-27,20259.056640625,20395.94140625,20259.056640625,20327.498046875,301653
2016-04-28,20259.056640625,20464.384765625,20259.056640625,20327.498046875,222083
2016-05-03,20327.498046875,20327.498046875,20190.61328125,20190.61328125,176437
2016-05-04,20190.61328125,20327.498046875,20190.61328125,20259.056640625,271788
2016-05-05,20259.056640625,20464.384765625,20190.61328125,20395.94140625,236648
2016-05-08,20327.498046875,20464.384765625,20190.61328125,20190.61328125,228144
2016-05-09,20190.61328125,20190.61328125,20053.728515625,20190.61328125,231871
2016-05-10,20190.61328125,20259.056640625,20122.169921875,20190.61328125,209940
2016-05-11,20259.056640625,20327.498046875,20122.169921875,20122.169921875,206375
2016-05-12,20122.169921875,20190.61328125,19985.28515625,19985.28515625,211328
2016-05-15,19985.28515625,20053.728515625,19848.3984375,19985.28515625,219305
2016-05-16,19916.841796875,20122.169921875,19916.841796875,19985.28515625,214893
2016-05-17,19848.3984375,20053.728515625,19848.3984375,19916.841796875,215989
2016-05-18,19848.3984375,19985.28515625,19848.3984375,19916.841796875,198793
2016-05-19,19848.3984375,19916.841796875,19779.95703125,19848.3984375,217683
2016-05-22,19711.513671875,19848.3984375,19711.513671875,19779.95703125,208829
2016-05-23,19779.95703125,19848.3984375,19711.513671875,19848.3984375,188068
2016-05-24,19848.3984375,19985.28515625,19779.95703125,19848.3984375,224871
2016-05-25,19779.95703125,19916.841796875,19232.4140625,19369.30078125,195549
2016-05-26,19369.30078125,19506.185546875,19232.4140625,19369.30078125,200413
2016-05-29,19369.30078125,19574.62890625,19300.857421875,19437.7421875,211533
2016-05-30,19437.7421875,19437.7421875,19300.857421875,19437.7421875,192072
2016-05-31,19437.7421875,19506.185546875,19300.857421875,19437.7421875,229738
2016-06-01,19369.30078125,19437.7421875,19232.4140625,19300.857421875,191077
2016-06-02,19300.857421875,19369.30078125,19232.4140625,19300.857421875,180470
2016-06-05,19300.857421875,19369.30078125,19163.97265625,19232.4140625,210875
2016-06-06,19300.857421875,19369.30078125,19232.4140625,19300.857421875,196425
2016-06-07,19300.857421875,19437.7421875,19232.4140625,19300.857421875,182983
2016-06-08,19300.857421875,19369.30078125,19163.97265625,19163.97265625,209954
2016-06-09,19232.4140625,19232.4140625,19095.529296875,19163.97265625,183421
2016-06-12,19163.97265625,19163.97265625,18958.642578125,19027.0859375,170506
2016-06-13,18958.642578125,19027.0859375,18890.201171875,19027.0859375,195987
2016-06-14,19027.0859375,19027.0859375,18821.7578125,18958.642578125,221774
2016-06-15,18958.642578125,19095.529296875,18890.201171875,18958.642578125,204257
2016-06-16,18958.642578125,19027.0859375,18821.7578125,18890.201171875,205381
2016-06-19,18890.201171875,19095.529296875,18890.201171875,19027.0859375,209809
2016-06-20,19027.0859375,19232.4140625,19027.0859375,19095.529296875,215887
2016-06-21,19095.529296875,19163.97265625,18958.642578125,18958.642578125,219891
2016-06-22,18958.642578125,19163.97265625,18890.201171875,19095.529296875,214322
2016-06-23,19095.529296875,19095.529296875,18547.986328125,18753.314453125,315268
2016-06-26,18547.986328125,18684.873046875,18342.658203125,18616.4296875,192291
2016-06-27,18547.986328125,18684.873046875,18479.544921875,18616.4296875,200019
2016-06-28,18616.4296875,18890.201171875,18616.4296875,18753.314453125,205893
2016-06-29,18753.314453125,18890.201171875,18684.873046875,18821.7578125,199012
2016-06-30,18753.314453125,19027.0859375,18753.314453125,18958.642578125,210334
2016-07-03,18890.201171875,19027.0859375,18753.314453125,18958.642578125,207880
2016-07-04,18958.642578125,19300.857421875,18958.642578125,19163.97265625,250820
2016-07-05,19232.4140625,19232.4140625,18890.201171875,18958.642578125,197638
2016-07-06,18958.642578125,19095.529296875,18958.642578125,19027.0859375,230745
2016-07-07,19027.0859375,19163.97265625,18821.7578125,18890.201171875,208610
2016-07-10,18890.201171875,18958.642578125,18684.873046875,18753.314453125,239292
2016-07-11,18753.314453125,18958.642578125,18616.4296875,18821.7578125,238447
2016-07-12,18821.7578125,19027.0859375,18821.7578125,18958.642578125,223105
2016-07-13,18958.642578125,19095.529296875,18890.201171875,18890.201171875,201686
2016-07-14,18890.201171875,19027.0859375,18821.7578125,18821.7578125,210394
2016-07-17,18890.201171875,19574.62890625,18890.201171875,19437.7421875,322910
2016-07-18,19437.7421875,19574.62890625,19369.30078125,19369.30078125,206243
2016-07-19,19300.857421875,19369.30078125,19163.97265625,19300.857421875,199027
2016-07-20,19300.857421875,19643.0703125,19232.4140625,19643.0703125,246964
2016-07-21,19643.0703125,19643.0703125,19369.30078125,19506.185546875,198922
2016-07-24,19506.185546875,19711.513671875,19369.30078125,19711.513671875,192612
2016-07-25,19643.0703125,19779.95703125,19574.62890625,19574.62890625,221731
2016-07-26,19574.62890625,19779.95703125,19437.7421875,19643.0703125,200633
2016-07-27,19643.0703125,19711.513671875,19437.7421875,19574.62890625,213403
2016-07-28,19574.62890625,19574.62890625,19300.857421875,19369.30078125,217552
2016-07-31,19369.30078125,19369.30078125,19163.97265625,19300.857421875,168358
2016-08-01,19163.97265625,19163.97265625,18958.642578125,19095.529296875,251551
2016-08-02,19095.529296875,19095.529296875,18890.201171875,19095.529296875,198061
2016-08-03,19095.529296875,19300.857421875,19095.529296875,19163.97265625,208114
2016-08-04,19027.0859375,19232.4140625,18958.642578125,19232.4140625,235085
2016-08-07,19163.97265625,19369.30078125,19027.0859375,19300.857421875,183494
2016-08-08,19232.4140625,19506.185546875,19232.4140625,19369.30078125,185656
2016-08-09,19369.30078125,19574.62890625,19369.30078125,19369.30078125,209793
2016-08-10,19369.30078125,19574.62890625,19232.4140625,19506.185546875,229475
2016-08-11,19506.185546875,19506.185546875,19232.4140625,19300.857421875,208844
2016-08-14,19300.857421875,19506.185546875,19232.4140625,19437.7421875,197214
2016-08-15,19437.7421875,19506.185546875,19300.857421875,19369.30078125,215010
2016-08-16,19369.30078125,19437.7421875,19232.4140625,19369.30078125,208070
2016-08-17,19369.30078125,19437.7421875,19300.857421875,19437.7421875,205835
2016-08-18,19369.30078125,19506.185546875,19300.857421875,19437.7421875,192569
2016-08-21,19437.7421875,19779.95703125,19369.30078125,19779.95703125,211445
2016-08-22,19711.513671875,20464.384765625,19574.62890625,20395.94140625,276389
2016-08-23,20395.94140625,21217.25390625,20395.94140625,20738.154296875,262654
2016-08-24,20738.154296875,20738.154296875,20532.826171875,20532.826171875,209239
2016-08-25,20532.826171875,20806.59765625,20532.826171875,20601.26953125,244787
2016-08-28,20532.826171875,20806.59765625,20532.826171875,20532.826171875,199888
2016-08-29,20532.826171875,21011.92578125,20327.498046875,20943.482421875,286500
2016-08-30,20943.482421875,22243.896484375,20806.59765625,22038.568359375,285404
2016-08-31,22038.568359375,22107.009765625,21696.353515625,21970.125,179052
2016-09-04,22038.568359375,22312.337890625,21833.23828125,22243.896484375,293265
2016-09-05,22449.224609375,23681.193359375,22449.224609375,23270.537109375,296377
2016-09-06,23270.537109375,23544.30859375,22996.765625,23270.537109375,268690
2016-09-07,23407.421875,23681.193359375,23270.537109375,23407.421875,241733
2016-09-08,23407.421875,23544.30859375,23270.537109375,23270.537109375,205192
2016-09-11,23338.98046875,23407.421875,23133.65234375,23338.98046875,262743
2016-09-12,23338.98046875,23475.865234375,23270.537109375,23475.865234375,219203
2016-09-13,23407.421875,23475.865234375,23270.537109375,23407.421875,214630
2016-09-14,23338.98046875,23338.98046875,23133.65234375,23202.09375,227881
2016-09-15,23133.65234375,23202.09375,22928.32421875,22928.32421875,186826
2016-09-18,22722.994140625,22928.32421875,22654.552734375,22791.4375,232895
2016-09-19,22722.994140625,22722.994140625,22038.568359375,22243.896484375,229854
2016-09-20,22586.109375,22654.552734375,22312.337890625,22517.666015625,250032
2016-09-21,22517.666015625,23065.208984375,22517.666015625,22928.32421875,267477
2016-09-22,22928.32421875,23338.98046875,22859.880859375,23202.09375,254459
2016-09-25,23133.65234375,23475.865234375,23133.65234375,23270.537109375,236239
2016-09-26,23202.09375,23407.421875,23065.208984375,23202.09375,236794
2016-09-27,23133.65234375,23270.537109375,22928.32421875,23202.09375,223324
2016-09-28,23202.09375,23202.09375,22791.4375,22996.765625,208099
2016-09-29,22996.765625,22996.765625,22791.4375,22928.32421875,187614
2016-10-02,22928.32421875,22928.32421875,22722.994140625,22859.880859375,211898
2016-10-03,22859.880859375,22996.765625,22722.994140625,22791.4375,201494
2016-10-04,22791.4375,22859.880859375,22586.109375,22654.552734375,198645
2016-10-05,22654.552734375,22859.880859375,22654.552734375,22654.552734375,213549
2016-10-06,22654.552734375,22722.994140625,21970.125,22449.224609375,193226
2016-10-09,22312.337890625,22312.337890625,21764.796875,21901.681640625,195316
2016-10-10,21696.353515625,22038.568359375,21696.353515625,21970.125,217758
2016-10-11,21970.125,22107.009765625,21696.353515625,21764.796875,189135
2016-10-12,21764.796875,21833.23828125,21559.46875,21696.353515625,200734
2016-10-13,21764.796875,22107.009765625,21696.353515625,21970.125,268821
2016-10-16,21970.125,21970.125,21696.353515625,21764.796875,189543
2016-10-17,21764.796875,21901.681640625,21422.58203125,21833.23828125,241719
2016-10-18,21764.796875,22038.568359375,21764.796875,21901.681640625,190405
2016-10-19,21901.681640625,22038.568359375,21764.796875,21764.796875,194146
2016-10-20,21833.23828125,21833.23828125,21559.46875,21627.91015625,199799
2016-10-23,21696.353515625,21833.23828125,21559.46875,21764.796875,179608
2016-10-24,21764.796875,21970.125,21559.46875,21833.23828125,211942
2016-10-25,21833.23828125,22107.009765625,21696.353515625,22038.568359375,241456
2016-10-26,22038.568359375,22107.009765625,21833.23828125,22107.009765625,194306
2016-10-27,22038.568359375,22312.337890625,21970.125,22243.896484375,149671
2016-10-30,22449.224609375,22586.109375,22243.896484375,22517.666015625,218648
2016-10-31,22586.109375,22654.552734375,22346.560546875,22380.78125,213855
2016-11-01,22243.896484375,22449.224609375,22175.453125,22175.453125,175853
2016-11-02,22175.453125,22175.453125,21696.353515625,21901.681640625,191077
2016-11-03,21901.681640625,21970.125,21764.796875,21833.23828125,150796
2016-11-06,21833.23828125,22107.009765625,21833.23828125,22038.568359375,189630
2016-11-07,22038.568359375,22243.896484375,21970.125,22243.896484375,179623
2016-11-08,22243.896484375,22243.896484375,21627.91015625,21901.681640625,232076
2016-11-09,21901.681640625,22380.78125,21901.681640625,22312.337890625,206653
2016-11-10,22243.896484375,22380.78125,22175.453125,22312.337890625,186169
2016-11-13,22312.337890625,22380.78125,21970.125,22243.896484375,189426
2016-11-14,22243.896484375,22449.224609375,22175.453125,22380.78125,205906
2016-11-15,22380.78125,22791.4375,22380.78125,22654.552734375,225661
2016-11-16,22722.994140625,22859.880859375,22517.666015625,22586.109375,233667
2016-11-17,22517.666015625,22517.666015625,22243.896484375,22380.78125,184679
2016-11-20,22449.224609375,22517.666015625,22312.337890625,22449.224609375,193767
2016-11-21,22449.224609375,22791.4375,22449.224609375,22722.994140625,211270
2016-11-22,22722.994140625,22722.994140625,22517.666015625,22586.109375,177811
2016-11-23,22586.109375,22654.552734375,22380.78125,22586.109375,192013
2016-11-24,22586.109375,22654.552734375,22346.560546875,22586.109375,192143
2016-11-27,22517.666015625,22517.666015625,22278.1171875,22380.78125,155967
2016-11-28,22449.224609375,22586.109375,22312.337890625,22517.666015625,191706
2016-11-29,22517.666015625,22791.4375,22517.666015625,22722.994140625,169468
2016-11-30,22722.994140625,22996.765625,22722.994140625,22791.4375,194921
2016-12-01,22859.880859375,22928.32421875,22517.666015625,22654.552734375,180997
2016-12-04,22654.552734375,22722.994140625,22449.224609375,22586.109375,176803
2016-12-05,22586.109375,22654.552734375,22312.337890625,22517.666015625,167349
2016-12-06,22517.666015625,22654.552734375,22449.224609375,22517.666015625,165129
2016-12-07,22449.224609375,22654.552734375,22449.224609375,22586.109375,150109
2016-12-08,22586.109375,22586.109375,22243.896484375,22380.78125,157604
2016-12-11,22380.78125,22380.78125,22038.568359375,22175.453125,138084
2016-12-12,22175.453125,22175.453125,21559.46875,21764.796875,163214
2016-12-13,21764.796875,21970.125,21696.353515625,21901.681640625,159240
2016-12-14,21901.681640625,22038.568359375,21764.796875,21833.23828125,161988
2016-12-15,21764.796875,21970.125,21696.353515625,21764.796875,165523
2016-12-18,21764.796875,21833.23828125,21559.46875,21627.91015625,172712
2016-12-19,21627.91015625,21627.91015625,21217.25390625,21285.697265625,152519
2016-12-20,21285.697265625,21422.58203125,21148.8125,21285.697265625,156085
2016-12-21,21285.697265625,21422.58203125,21080.369140625,21148.8125,165260
2016-12-22,21148.8125,21285.697265625,21080.369140625,21148.8125,159870
2016-12-25,21148.8125,21285.697265625,21011.92578125,21148.8125,154856
2016-12-26,21148.8125,21354.140625,21080.369140625,21217.25390625,163171
2016-12-27,21217.25390625,21354.140625,21148.8125,21285.697265625,160029
2016-12-28,21285.697265625,21422.58203125,21217.25390625,21285.697265625,144878
2016-12-29,21285.697265625,21491.025390625,21285.697265625,21422.58203125,191049
2017-01-02,21491.025390625,21696.353515625,21422.58203125,21696.353515625,174218
2017-01-03,21627.91015625,21901.681640625,21627.91015625,21696.353515625,191458
2017-01-04,21696.353515625,21764.796875,21559.46875,21627.91015625,174860
2017-01-05,21627.91015625,21627.91015625,21491.025390625,21559.46875,171909
2017-01-08,21559.46875,21696.353515625,21491.025390625,21627.91015625,169000
2017-01-09,21627.91015625,21627.91015625,21422.58203125,21559.46875,166620
2017-01-10,21627.91015625,21764.796875,21491.025390625,21696.353515625,162572
2017-01-11,21696.353515625,21696.353515625,21491.025390625,21559.46875,159913
2017-01-12,21559.46875,21593.689453125,21422.58203125,21491.025390625,153644
2017-01-15,21491.025390625,21491.025390625,21251.4765625,21354.140625,169367
2017-01-16,21354.140625,21627.91015625,21354.140625,21422.58203125,162002
2017-01-17,21422.58203125,21422.58203125,21217.25390625,21285.697265625,155925
2017-01-18,21285.697265625,21285.697265625,21011.92578125,21080.369140625,150899
2017-01-19,21011.92578125,21217.25390625,21011.92578125,21148.8125,147200
2017-01-22,21148.8125,21217.25390625,20943.482421875,21011.92578125,141240
2017-01-23,21011.92578125,21080.369140625,20840.818359375,20943.482421875,154535
2017-01-24,21011.92578125,21011.92578125,20738.154296875,20943.482421875,150299
2017-02-02,21011.92578125,21217.25390625,20943.482421875,21011.92578125,150723
2017-02-05,21011.92578125,21354.140625,21011.92578125,21285.697265625,195724
2017-02-06,21285.697265625,21491.025390625,21285.697265625,21319.91796875,141693
2017-02-07,21285.697265625,21354.140625,21217.25390625,21285.697265625,151570
2017-02-08,21285.697265625,21422.58203125,21148.8125,21285.697265625,152243
2017-02-09,21285.697265625,21491.025390625,21217.25390625,21354.140625,174465
2017-02-12,21285.697265625,21491.025390625,21285.697265625,21422.58203125,160074
2017-02-13,21285.697265625,21422.58203125,21217.25390625,21354.140625,154711
2017-02-14,21354.140625,21354.140625,21217.25390625,21285.697265625,146734
2017-02-15,21285.697265625,21354.140625,21148.8125,21148.8125,147655
2017-02-16,21080.369140625,21148.8125,20977.705078125,21011.92578125,157385
2017-02-19,21011.92578125,21046.1484375,20875.041015625,21046.1484375,167934
2017-02-20,21046.1484375,21217.25390625,21011.92578125,21080.369140625,146032
2017-02-21,21080.369140625,21148.8125,20943.482421875,20943.482421875,179973
2017-02-22,20943.482421875,21046.1484375,20772.376953125,20943.482421875,154535
2017-02-23,20943.482421875,21011.92578125,20738.154296875,20806.59765625,161667
2017-02-26,20840.818359375,20875.041015625,20601.26953125,20875.041015625,166094
2017-02-27,20875.041015625,21011.92578125,20738.154296875,20772.376953125,166415
2017-02-28,20772.376953125,20875.041015625,20601.26953125,20669.712890625,142687
2017-03-01,20669.712890625,20806.59765625,20601.26953125,20669.712890625,148604
2017-03-02,20669.712890625,20738.154296875,20532.826171875,20703.93359375,162542
2017-03-05,20703.93359375,20943.482421875,20703.93359375,20806.59765625,177373
2017-03-06,20806.59765625,20840.818359375,20601.26953125,20806.59765625,151541
2017-03-07,20840.818359375,20875.041015625,20669.712890625,20840.818359375,181828
2017-03-08,20840.818359375,20875.041015625,20669.712890625,20806.59765625,139692
2017-03-09,20806.59765625,20875.041015625,20601.26953125,20669.712890625,168503
2017-03-12,20669.712890625,20738.154296875,20532.826171875,20601.26953125,154740
2017-03-13,20601.26953125,20806.59765625,20601.26953125,20669.712890625,164412
2017-03-14,20669.712890625,20738.154296875,20532.826171875,20669.712890625,156406
2017-03-15,20669.712890625,20806.59765625,20567.048828125,20738.154296875,157503
2017-03-16,20738.154296875,20875.041015625,20601.26953125,20738.154296875,160556
2017-03-19,20738.154296875,20875.041015625,20669.712890625,20772.376953125,163186
2017-03-20,20772.376953125,20875.041015625,20669.712890625,20772.376953125,162353
2017-03-21,20772.376953125,20875.041015625,20738.154296875,20772.376953125,198821
2017-03-22,20806.59765625,20943.482421875,20806.59765625,20806.59765625,174903
2017-03-23,20875.041015625,20943.482421875,20669.712890625,20738.154296875,171996
2017-03-26,20738.154296875,20875.041015625,20669.712890625,20738.154296875,180821
2017-03-27,20738.154296875,20875.041015625,20532.826171875,20601.26953125,171822
2017-03-28,20635.490234375,20738.154296875,20532.826171875,20601.26953125,161344
2017-03-29,20669.712890625,20806.59765625,20635.490234375,20669.712890625,163301
2017-03-30,20703.93359375,20738.154296875,20498.60546875,20532.826171875,166955
2017-04-02,20601.26953125,20669.712890625,20464.384765625,20532.826171875,175036
2017-04-03,20601.26953125,20669.712890625,20464.384765625,20601.26953125,160191
2017-04-04,20601.26953125,20669.712890625,20395.94140625,20464.384765625,167481
2017-04-06,20532.826171875,20532.826171875,20361.720703125,20498.60546875,132853
2017-04-09,20498.60546875,20669.712890625,20498.60546875,20601.26953125,179155
2017-04-10,20635.490234375,20875.041015625,20635.490234375,20806.59765625,158994
2017-04-11,21080.369140625,21080.369140625,21080.369140625,21080.369140625,43976
2017-04-12,21080.369140625,21148.8125,21080.369140625,21148.8125,84916
2017-04-13,21148.8125,21148.8125,20532.826171875,20806.59765625,156246
2017-04-16,20806.59765625,20875.041015625,20532.826171875,20601.26953125,148546
2017-04-17,20601.26953125,20601.26953125,20190.61328125,20190.61328125,16977
2017-04-18,20190.61328125,20190.61328125,19779.95703125,19779.95703125,66185
2017-04-19,19779.95703125,19848.3984375,19506.185546875,19506.185546875,32143
2017-04-20,19506.185546875,19506.185546875,19027.0859375,19061.306640625,20700
2017-04-23,18171.552734375,19061.306640625,18171.552734375,18753.314453125,29906
2017-04-24,18753.314453125,18753.314453125,18274.216796875,18479.544921875,41552
2017-04-25,18547.986328125,18958.642578125,18479.544921875,18890.201171875,187338
2017-04-26,18890.201171875,19027.0859375,18547.986328125,18958.642578125,144483
2017-04-27,18821.7578125,19027.0859375,18684.873046875,18890.201171875,138726
2017-05-02,18890.201171875,19163.97265625,18890.201171875,19095.529296875,148516
2017-05-03,19163.97265625,19369.30078125,19027.0859375,19163.97265625,134126
2017-05-04,19163.97265625,19300.857421875,19027.0859375,19163.97265625,154214
2017-05-07,19163.97265625,19232.4140625,19027.0859375,19095.529296875,150460
2017-05-08,19027.0859375,19163.97265625,18924.421875,19095.529296875,134271
2017-05-09,19027.0859375,19163.97265625,18890.201171875,19163.97265625,150022
2017-05-10,19163.97265625,19300.857421875,19095.529296875,19163.97265625,127608
2017-05-11,19163.97265625,19300.857421875,19061.306640625,19095.529296875,132694
2017-05-14,18958.642578125,19163.97265625,18684.873046875,19027.0859375,118871
2017-05-15,19027.0859375,19163.97265625,18958.642578125,19027.0859375,121414
2017-05-16,19027.0859375,19163.97265625,18890.201171875,19095.529296875,136580
2017-05-17,19163.97265625,19232.4140625,19027.0859375,19095.529296875,123560
2017-05-18,19095.529296875,19369.30078125,19027.0859375,19369.30078125,162792
2017-05-21,19437.7421875,19779.95703125,19437.7421875,19506.185546875,165246
2017-05-22,19506.185546875,19574.62890625,19163.97265625,19232.4140625,136375
2017-05-23,19163.97265625,19369.30078125,19027.0859375,19300.857421875,138041
2017-05-24,19300.857421875,19437.7421875,18616.4296875,18616.4296875,142424
2017-05-25,18684.873046875,18684.873046875,18274.216796875,18274.216796875,127564
2017-05-28,18274.216796875,18342.658203125,17076.466796875,17110.689453125,251244
2017-05-29,17110.689453125,17110.689453125,17042.24609375,17042.24609375,40981
2017-05-30,17110.689453125,17110.689453125,17076.466796875,17110.689453125,29906
2017-05-31,17076.466796875,17384.4609375,17076.466796875,17316.017578125,106408
2017-06-01,17316.017578125,17316.017578125,17110.689453125,17316.017578125,106671
2017-06-04,17247.57421875,17589.7890625,17247.57421875,17521.345703125,101310
2017-06-05,17521.345703125,17658.23046875,17384.4609375,17589.7890625,94530
2017-06-06,17521.345703125,17863.55859375,17521.345703125,17726.673828125,102550
2017-06-07,17658.23046875,17658.23046875,17384.4609375,17521.345703125,97891
2017-06-08,17521.345703125,17658.23046875,17521.345703125,17521.345703125,102113
2017-06-11,17521.345703125,17658.23046875,17521.345703125,17589.7890625,99322
2017-06-12,17589.7890625,17589.7890625,16392.041015625,16836.91796875,148121
2017-06-13,16836.91796875,17179.130859375,16836.91796875,17110.689453125,113553
2017-06-14,17110.689453125,17179.130859375,16905.361328125,17042.24609375,85939
2017-06-15,17042.24609375,17247.57421875,16973.802734375,17110.689453125,98519
2017-06-18,17110.689453125,17316.017578125,17110.689453125,17179.130859375,99628
2017-06-19,17179.130859375,17384.4609375,17179.130859375,17179.130859375,94485
2017-06-20,17110.689453125,17110.689453125,16426.26171875,16768.474609375,121150
2017-06-21,16768.474609375,17042.24609375,16768.474609375,16836.91796875,95187
2017-06-22,16836.91796875,16905.361328125,16700.033203125,16700.033203125,85442
2017-06-25,16700.033203125,17042.24609375,16700.033203125,16905.361328125,95407
2017-06-26,16905.361328125,16973.802734375,16700.033203125,16768.474609375,104320
2017-06-27,16768.474609375,16905.361328125,16631.58984375,16836.91796875,97905
2017-06-28,16836.91796875,17042.24609375,16836.91796875,16905.361328125,96605
2017-06-29,16905.361328125,17042.24609375,16836.91796875,16836.91796875,97307
2017-07-02,16836.91796875,16973.802734375,16768.474609375,16905.361328125,104479
2017-07-03,16905.361328125,16905.361328125,16700.033203125,16768.474609375,93638
2017-07-04,16768.474609375,16973.802734375,16768.474609375,16836.91796875,109739
2017-07-05,16836.91796875,17042.24609375,16768.474609375,16871.138671875,103808
2017-07-06,16905.361328125,16973.802734375,16836.91796875,16836.91796875,90234
2017-07-09,16836.91796875,16905.361328125,16700.033203125,16768.474609375,94384
2017-07-10,16768.474609375,16973.802734375,16631.58984375,16905.361328125,89621
2017-07-11,16905.361328125,17179.130859375,16768.474609375,17110.689453125,108395
2017-07-12,17110.689453125,17110.689453125,16973.802734375,17042.24609375,88130
2017-07-13,17042.24609375,17521.345703125,17042.24609375,17384.4609375,143477
2017-07-16,17521.345703125,17521.345703125,17042.24609375,17316.017578125,87414
2017-07-17,17179.130859375,17179.130859375,16905.361328125,17042.24609375,93361
2017-07-18,17042.24609375,17247.57421875,16973.802734375,17110.689453125,85618
2017-07-19,17110.689453125,17110.689453125,16700.033203125,16836.91796875,93783
2017-07-20,16836.91796875,16973.802734375,16700.033203125,16836.91796875,61552
2017-07-23,16836.91796875,16836.91796875,16494.705078125,16631.58984375,109505
2017-07-24,16631.58984375,16905.361328125,16357.818359375,16700.033203125,103573
2017-07-25,16768.474609375,17247.57421875,16768.474609375,17179.130859375,997825
2017-07-26,17179.130859375,17179.130859375,16973.802734375,16973.802734375,93391
2017-07-27,16973.802734375,17179.130859375,16973.802734375,17042.24609375,95698
2017-07-30,17042.24609375,17179.130859375,16973.802734375,17042.24609375,106145
2017-07-31,17110.689453125,17452.90234375,17110.689453125,17247.57421875,133730
2017-08-01,17247.57421875,17316.017578125,17042.24609375,17247.57421875,102901
2017-08-02,17247.57421875,17384.4609375,17179.130859375,17281.796875,96005
2017-08-03,17316.017578125,17316.017578125,17247.57421875,17247.57421875,75959
2017-08-06,17247.57421875,17521.345703125,17247.57421875,17316.017578125,102347
2017-08-07,17316.017578125,17521.345703125,17110.689453125,17179.130859375,107037
2017-08-08,17179.130859375,17179.130859375,16973.802734375,17110.689453125,100696
2017-08-09,17110.689453125,17247.57421875,17008.025390625,17042.24609375,95889
2017-08-10,16973.802734375,17144.91015625,16905.361328125,17110.689453125,63439
2017-08-13,17042.24609375,17247.57421875,17042.24609375,17247.57421875,107548
2017-08-14,17247.57421875,17316.017578125,17042.24609375,17179.130859375,102434
2017-08-15,17110.689453125,17316.017578125,16973.802734375,17247.57421875,106949
2017-08-16,17179.130859375,17932.001953125,17179.130859375,17863.55859375,174714
2017-08-17,17932.001953125,18274.216796875,17863.55859375,18137.330078125,116066
2017-08-20,18205.7734375,18205.7734375,17932.001953125,18137.330078125,128821
2017-08-21,18068.88671875,18205.7734375,17452.90234375,17521.345703125,101965
2017-08-22,17521.345703125,17589.7890625,17384.4609375,17589.7890625,94194
2017-08-23,17589.7890625,17863.55859375,17521.345703125,17863.55859375,119498
2017-08-24,17863.55859375,17863.55859375,17658.23046875,17726.673828125,94589
2017-08-27,17726.673828125,18684.873046875,17658.23046875,18479.544921875,192875
2017-08-28,18547.986328125,18547.986328125,18274.216796875,18342.658203125,134622
2017-08-29,18342.658203125,18890.201171875,18274.216796875,18479.544921875,148516
2017-08-30,18479.544921875,18684.873046875,18205.7734375,18342.658203125,134548
2017-08-31,18274.216796875,18821.7578125,18274.216796875,18684.873046875,139632
2017-09-04,18684.873046875,18753.314453125,18205.7734375,18411.1015625,120742
2017-09-05,18411.1015625,18479.544921875,18137.330078125,18342.658203125,131057
2017-09-06,18342.658203125,18479.544921875,18137.330078125,18205.7734375,108177
2017-09-07,18205.7734375,18411.1015625,18137.330078125,18274.216796875,144615
2017-09-10,18274.216796875,18479.544921875,18205.7734375,18205.7734375,111931
2017-09-11,18274.216796875,18411.1015625,18137.330078125,18274.216796875,122217
2017-09-12,18342.658203125,18479.544921875,18137.330078125,18205.7734375,109213
2017-09-13,18274.216796875,18274.216796875,18000.4453125,18137.330078125,101398
2017-09-14,18137.330078125,18205.7734375,17932.001953125,18000.4453125,111712
2017-09-17,18000.4453125,18274.216796875,18000.4453125,18137.330078125,86127
2017-09-18,18205.7734375,18342.658203125,18137.330078125,18137.330078125,90644
2017-09-19,18205.7734375,18274.216796875,18137.330078125,18137.330078125,95508
2017-09-20,18137.330078125,18205.7734375,17863.55859375,17863.55859375,85442
2017-09-21,17863.55859375,18068.88671875,17795.1171875,17863.55859375,97874
2017-09-24,17932.001953125,18000.4453125,17795.1171875,17863.55859375,90644
2017-09-25,17863.55859375,17932.001953125,17589.7890625,17658.23046875,95056
2017-09-26,17658.23046875,17658.23046875,17042.24609375,17110.689453125,111566
2017-09-27,17110.689453125,17316.017578125,17110.689453125,17110.689453125,85998
2017-09-28,17110.689453125,17179.130859375,16973.802734375,17042.24609375,85763
2017-10-01,17042.24609375,17179.130859375,16973.802734375,16973.802734375,78647
2017-10-02,16973.802734375,17179.130859375,16905.361328125,16973.802734375,88729
2017-10-03,16973.802734375,17179.130859375,16836.91796875,17110.689453125,89431
2017-10-04,17110.689453125,17316.017578125,17042.24609375,17042.24609375,83323
2017-10-05,17042.24609375,17247.57421875,16973.802734375,17110.689453125,90118
2017-10-08,17110.689453125,17247.57421875,17042.24609375,17179.130859375,99541
2017-10-09,17179.130859375,17316.017578125,17179.130859375,17247.57421875,92061
2017-10-10,17247.57421875,17452.90234375,17247.57421875,17247.57421875,99220
2017-10-11,17316.017578125,17452.90234375,17179.130859375,17179.130859375,96399
2017-10-12,17247.57421875,17452.90234375,17247.57421875,17247.57421875,106161
2017-10-15,17247.57421875,17452.90234375,17179.130859375,17179.130859375,99819
2017-10-16,17179.130859375,17384.4609375,17110.689453125,17247.57421875,101456
2017-10-17,17247.57421875,17452.90234375,17179.130859375,17179.130859375,107488
2017-10-18,17179.130859375,17384.4609375,17110.689453125,17247.57421875,97379
2017-10-19,17179.130859375,17452.90234375,17179.130859375,17316.017578125,293397
2017-10-22,17316.017578125,17316.017578125,17042.24609375,17110.689453125,109447
2017-10-23,17042.24609375,17179.130859375,16905.361328125,17110.689453125,109271
2017-10-24,17179.130859375,17316.017578125,17110.689453125,17247.57421875,77917
2017-10-25,17247.57421875,17316.017578125,16973.802734375,17110.689453125,102726
2017-10-26,17179.130859375,17179.130859375,16973.802734375,17179.130859375,99424
2017-10-29,17179.130859375,17247.57421875,16905.361328125,16973.802734375,98855
2017-10-30,16836.91796875,16973.802734375,16700.033203125,16905.361328125,104713
2017-10-31,16973.802734375,17110.689453125,16768.474609375,17110.689453125,88744
2017-11-01,17110.689453125,17110.689453125,16802.697265625,16802.697265625,94660
2017-11-02,16836.91796875,16836.91796875,16700.033203125,16768.474609375,1038866
2017-11-05,16768.474609375,16905.361328125,16426.26171875,16426.26171875,536607
2017-11-06,16563.146484375,16563.146484375,16152.490234375,16357.818359375,79933
2017-11-07,16357.818359375,16631.58984375,16289.3759765625,16494.705078125,81088
2017-11-08,16426.26171875,16700.033203125,16426.26171875,16426.26171875,76164
2017-11-09,16426.26171875,16426.26171875,15878.7197265625,15878.7197265625,78619
2017-11-12,15810.2763671875,15878.7197265625,15399.6201171875,15604.9482421875,72978
2017-11-13,15741.833984375,15741.833984375,15399.6201171875,15639.169921875,82797
2017-11-14,15673.3916015625,15673.3916015625,15468.0625,15536.505859375,72803
2017-11-15,15536.505859375,15536.505859375,14988.9638671875,15399.6201171875,89678
2017-11-16,15399.6201171875,15468.0625,14338.7578125,14509.8642578125,103486
2017-11-19,14578.306640625,14715.1923828125,14441.421875,14578.306640625,65352
2017-11-20,14578.306640625,14715.1923828125,14441.421875,14509.8642578125,71913
2017-11-21,14509.8642578125,14852.078125,14509.8642578125,14783.6357421875,79598
2017-11-22,14783.6357421875,14920.5205078125,14715.1923828125,14783.6357421875,69822
2017-11-23,14852.078125,14852.078125,14578.306640625,14852.078125,74514
2017-11-26,14920.5205078125,15057.40625,14715.1923828125,14920.5205078125,54423
2017-11-27,14988.9638671875,15057.40625,14783.6357421875,14852.078125,76631
2017-11-28,14852.078125,15057.40625,14852.078125,15057.40625,75608
2017-11-29,15057.40625,15741.833984375,15057.40625,15604.9482421875,99833
2017-11-30,15604.9482421875,15741.833984375,15468.0625,15604.9482421875,76909
2017-12-03,15604.9482421875,16015.6044921875,15604.9482421875,15878.7197265625,83176
2017-12-04,15947.162109375,16084.0478515625,15741.833984375,15810.2763671875,87224
2017-12-05,15878.7197265625,15878.7197265625,15536.505859375,15673.3916015625,79203
2017-12-06,15741.833984375,15741.833984375,15468.0625,15536.505859375,74615
2017-12-07,15536.505859375,15741.833984375,15399.6201171875,15536.505859375,89810
2017-12-10,15536.505859375,15536.505859375,15399.6201171875,15468.0625,65994
2017-12-11,15468.0625,15673.3916015625,15468.0625,15536.505859375,82082
2017-12-12,15536.505859375,15604.9482421875,15399.6201171875,15468.0625,70481
2017-12-13,15468.0625,15604.9482421875,15057.40625,15194.2919921875,72585
2017-12-14,15057.40625,15194.2919921875,14852.078125,14920.5205078125,72422
2017-12-17,14988.9638671875,15057.40625,14578.306640625,14578.306640625,60311
2017-12-18,14578.306640625,14646.75,14030.7646484375,14441.421875,74031
2017-12-19,14715.1923828125,14783.6357421875,14372.978515625,14509.8642578125,72469
2017-12-20,14578.306640625,14715.1923828125,14236.09375,14304.5361328125,60487
2017-12-21,14372.978515625,14578.306640625,14167.650390625,14167.650390625,58179
2017-12-24,13277.89453125,14030.7646484375,13277.89453125,13551.666015625,77347
2017-12-25,13346.337890625,13414.7802734375,12798.794921875,12935.6806640625,605205
2017-12-26,13825.4365234375,13825.4365234375,13825.4365234375,13825.4365234375,1021
2017-12-27,13209.4521484375,14715.1923828125,13072.56640625,14715.1923828125,7187
2017-12-28,14715.1923828125,14715.1923828125,14509.8642578125,14578.306640625,2161951
2018-01-01,14578.306640625,14646.75,14304.5361328125,14441.421875,49514
2018-01-02,14441.421875,14578.306640625,14372.978515625,14441.421875,46314
2018-01-03,14372.978515625,14372.978515625,13483.22265625,13551.666015625,53400
2018-01-04,13620.1083984375,13893.8798828125,13551.666015625,13893.8798828125,59010
2018-01-07,13962.322265625,14099.2080078125,13893.8798828125,13962.322265625,114239
2018-01-08,14099.2080078125,14099.2080078125,13825.4365234375,13962.322265625,75287
2018-01-09,14030.7646484375,14236.09375,13893.8798828125,14030.7646484375,75959
2018-01-10,14030.7646484375,14236.09375,13962.322265625,14167.650390625,87238
2018-01-11,14167.650390625,14304.5361328125,14099.2080078125,14099.2080078125,86874
2018-01-14,14099.2080078125,14441.421875,13893.8798828125,14372.978515625,99937
2018-01-15,14304.5361328125,14372.978515625,14099.2080078125,14304.5361328125,2168218
2018-01-16,14372.978515625,14372.978515625,13962.322265625,13962.322265625,156348
2018-01-17,13962.322265625,13962.322265625,13551.666015625,13688.55078125,71299
2018-01-18,13756.994140625,13825.4365234375,13551.666015625,13551.666015625,91170
2018-01-21,13620.1083984375,13825.4365234375,13620.1083984375,13654.330078125,113159
2018-01-24,13688.55078125,13756.994140625,13551.666015625,13620.1083984375,89563
2018-01-25,13551.666015625,13756.994140625,13551.666015625,13620.1083984375,80517
2018-01-28,13620.1083984375,13620.1083984375,13346.337890625,13414.7802734375,79714
2018-01-29,13414.7802734375,13483.22265625,13277.89453125,13414.7802734375,81101
2018-01-30,13414.7802734375,13483.22265625,12935.6806640625,12935.6806640625,83163
2018-01-31,13004.1240234375,13072.56640625,12798.794921875,12867.23828125,79349
2018-02-01,12935.6806640625,13072.56640625,12867.23828125,13004.1240234375,151965
2018-02-04,13004.1240234375,13072.56640625,12251.2529296875,12319.6962890625,203614
2018-02-05,11977.482421875,12114.3681640625,11635.2685546875,11977.482421875,422279
2018-02-06,12251.2529296875,12388.138671875,11840.5966796875,11909.0400390625,62503
2018-02-07,11909.0400390625,12730.3525390625,11909.0400390625,12730.3525390625,1547
2018-02-08,12730.3525390625,12730.3525390625,12319.6962890625,12525.0244140625,1178994
2018-02-11,12593.466796875,12661.91015625,12114.3681640625,12319.6962890625,70758
2018-02-12,12319.6962890625,12456.58203125,12251.2529296875,12319.6962890625,70816
2018-02-20,12319.6962890625,12730.3525390625,12319.6962890625,12730.3525390625,75478
2018-02-21,12730.3525390625,12730.3525390625,12045.9248046875,12045.9248046875,92134
2018-02-22,12045.9248046875,12251.2529296875,11293.0546875,11293.0546875,79904
2018-02-25,11635.2685546875,11840.5966796875,11635.2685546875,11703.7109375,82725
2018-02-26,11703.7109375,11772.154296875,11635.2685546875,11635.2685546875,81891
2018-02-27,11566.826171875,11703.7109375,11498.3828125,11635.2685546875,71196
2018-02-28,11566.826171875,11635.2685546875,10950.8408203125,10950.8408203125,99074
2018-03-01,10950.8408203125,11224.6123046875,10950.8408203125,11224.6123046875,71533
2018-03-04,11293.0546875,11361.4970703125,11156.1689453125,11224.6123046875,71722
2018-03-05,11293.0546875,11566.826171875,11224.6123046875,11498.3828125,83981
2018-03-06,11566.826171875,11703.7109375,11361.4970703125,11498.3828125,75186
2018-03-07,11498.3828125,11772.154296875,11429.9404296875,11635.2685546875,76091
2018-03-08,11703.7109375,11703.7109375,11498.3828125,11566.826171875,91082
2018-03-11,11566.826171875,11703.7109375,11293.0546875,11361.4970703125,83250
2018-03-12,11361.4970703125,11429.9404296875,10882.3984375,10950.8408203125,83879
2018-03-13,11087.7265625,11224.6123046875,10745.5126953125,10745.5126953125,86495
2018-03-14,10813.955078125,11019.2841796875,10677.0703125,10745.5126953125,79977
2018-03-15,10813.955078125,11087.7265625,10813.955078125,10950.8408203125,75345
2018-03-18,11019.2841796875,11087.7265625,10745.5126953125,10745.5126953125,85822
2018-03-19,10745.5126953125,10882.3984375,10334.8564453125,10403.298828125,72628
2018-03-20,10403.298828125,10677.0703125,10403.298828125,10540.1845703125,67368
2018-03-21,10540.1845703125,10677.0703125,10540.1845703125,10608.626953125,52802
2018-03-22,10540.1845703125,10540.1845703125,10129.5283203125,10266.4130859375,80095
2018-03-25,10266.4130859375,10540.1845703125,10266.4130859375,10471.7412109375,62416
2018-03-26,10471.7412109375,10608.626953125,10266.4130859375,10471.7412109375,74528
2018-03-27,10540.1845703125,10608.626953125,10403.298828125,10471.7412109375,75945
2018-03-28,10540.1845703125,10540.1845703125,10403.298828125,10540.1845703125,66156
2018-03-29,10540.1845703125,10540.1845703125,10266.4130859375,10471.7412109375,87079
2018-04-01,10471.7412109375,10608.626953125,10471.7412109375,10471.7412109375,66974
2018-04-02,10403.298828125,10540.1845703125,10197.970703125,10266.4130859375,92368
2018-04-03,10403.298828125,10677.0703125,10403.298828125,10403.298828125,64154
2018-04-04,10266.4130859375,10540.1845703125,10197.970703125,10197.970703125,100446
2018-04-05,10334.8564453125,10471.7412109375,10266.4130859375,10334.8564453125,70232
2018-04-08,10403.298828125,10471.7412109375,10266.4130859375,10403.298828125,85676
2018-04-09,10403.298828125,10437.5205078125,10266.4130859375,10334.8564453125,85735
2018-04-10,10334.8564453125,10403.298828125,10266.4130859375,10266.4130859375,72744
2018-04-11,10266.4130859375,10540.1845703125,10266.4130859375,10403.298828125,94851
2018-04-12,10403.298828125,10540.1845703125,10334.8564453125,10334.8564453125,74951
2018-04-15,10334.8564453125,10403.298828125,10197.970703125,10266.4130859375,78472
2018-04-16,10334.8564453125,10403.298828125,10197.970703125,10266.4130859375,74468
2018-04-17,10266.4130859375,10403.298828125,10266.4130859375,10266.4130859375,69749
2018-04-18,10348.544921875,10420.4091796875,10240.7470703125,10348.544921875,80678
2018-04-19,10420.4091796875,10564.1396484375,10420.4091796875,10420.4091796875,82126
2018-04-22,10420.4091796875,10564.1396484375,10061.0849609375,10061.0849609375,79899
2018-04-23,10061.0849609375,10132.9501953125,9773.6259765625,10132.9501953125,77060
2018-04-25,10061.0849609375,10097.017578125,9989.220703125,10025.15234375,74834
2018-04-26,9989.220703125,10061.0849609375,9917.35546875,10025.15234375,60544
2018-05-01,9989.220703125,10061.0849609375,9917.35546875,9917.35546875,73846
2018-05-02,9989.220703125,9989.220703125,9773.6259765625,9917.35546875,79301
2018-05-03,9917.35546875,10132.9501953125,9773.6259765625,9917.35546875,75821
2018-05-06,9917.35546875,10061.0849609375,9845.490234375,10061.0849609375,75141
2018-05-07,10061.0849609375,10276.6796875,9917.35546875,10061.0849609375,76198
2018-05-08,9989.220703125,10204.8154296875,9989.220703125,9989.220703125,75057
2018-05-09,10061.0849609375,10132.9501953125,9342.4365234375,9845.490234375,67111
2018-05-10,9845.490234375,10132.9501953125,9701.7607421875,9917.35546875,89612
2018-05-13,9917.35546875,10061.0849609375,9917.35546875,10061.0849609375,69142
2018-05-14,10061.0849609375,10276.6796875,10061.0849609375,10132.9501953125,83433
2018-05-15,10061.0849609375,10132.9501953125,9809.5576171875,9989.220703125,72316
2018-05-16,9989.220703125,10061.0849609375,9845.490234375,9845.490234375,70409
2018-05-17,9917.35546875,9917.35546875,9629.8955078125,9917.35546875,74138
2018-05-20,9989.220703125,9989.220703125,9701.7607421875,9773.6259765625,659071
2018-05-21,9773.6259765625,9773.6259765625,9414.30078125,9629.8955078125,63423
2018-05-22,9845.490234375,9989.220703125,9593.962890625,9593.962890625,75766
2018-05-23,9701.7607421875,9701.7607421875,9522.0986328125,9558.03125,63674
2018-05-24,9629.8955078125,9629.8955078125,9486.166015625,9558.03125,64689
2018-05-27,9414.30078125,9486.166015625,9378.369140625,9378.369140625,68307
2018-05-28,9378.369140625,9558.03125,9270.5712890625,9558.03125,65246
2018-05-29,9558.03125,9773.6259765625,9558.03125,9629.8955078125,101579
2018-05-30,9629.8955078125,9701.7607421875,9486.166015625,9486.166015625,67097
2018-05-31,9558.03125,9845.490234375,9558.03125,9701.7607421875,79843
2018-06-03,9701.7607421875,9845.490234375,9701.7607421875,9773.6259765625,52932
2018-06-04,9773.6259765625,9845.490234375,9450.2333984375,9486.166015625,92464
2018-06-05,9486.166015625,9701.7607421875,9342.4365234375,9558.03125,63730
2018-06-06,9486.166015625,9773.6259765625,9486.166015625,9558.03125,72594
2018-06-07,9486.166015625,9701.7607421875,9486.166015625,9558.03125,67793
2018-06-10,9558.03125,9917.35546875,9558.03125,9629.8955078125,86940
2018-06-11,9701.7607421875,9701.7607421875,9342.4365234375,9414.30078125,74319
2018-06-12,9558.03125,9629.8955078125,9342.4365234375,9486.166015625,77895
2018-06-13,9486.166015625,9629.8955078125,9414.30078125,9450.2333984375,76016
2018-06-14,9414.30078125,9414.30078125,8803.44921875,9198.7060546875,75126
2018-06-17,9198.7060546875,9270.5712890625,8983.111328125,9054.9765625,83072
2018-06-18,8983.111328125,9054.9765625,8839.3818359375,8839.3818359375,61935
2018-06-19,8839.3818359375,8911.2470703125,8695.65234375,8875.314453125,63423
2018-06-20,9270.5712890625,9342.4365234375,9054.9765625,9126.841796875,74708
2018-06-21,9126.841796875,9270.5712890625,9054.9765625,9270.5712890625,85534
2018-06-24,9198.7060546875,9486.166015625,9198.7060546875,9414.30078125,77018
2018-06-25,9414.30078125,9414.30078125,9054.9765625,9198.7060546875,82069
2018-06-26,9126.841796875,9342.4365234375,8767.5166015625,9054.9765625,81471
2018-06-27,8983.111328125,9126.841796875,8911.2470703125,8983.111328125,76893
2018-06-28,8983.111328125,9126.841796875,8911.2470703125,9126.841796875,69713
2018-07-01,9126.841796875,9198.7060546875,8911.2470703125,9126.841796875,77603
2018-07-02,9126.841796875,9270.5712890625,9019.0439453125,9090.9091796875,69908
2018-07-03,9126.841796875,9270.5712890625,9126.841796875,9126.841796875,84436
2018-07-04,9198.7060546875,9198.7060546875,9054.9765625,9090.9091796875,81680
2018-07-05,9126.841796875,9270.5712890625,9090.9091796875,9234.638671875,100702
2018-07-08,9270.5712890625,9414.30078125,9198.7060546875,9270.5712890625,75543
2018-07-09,9270.5712890625,9486.166015625,9198.7060546875,9198.7060546875,81847
2018-07-10,9270.5712890625,9342.4365234375,9126.841796875,9162.7744140625,88943
2018-07-11,9162.7744140625,9342.4365234375,9162.7744140625,9270.5712890625,86273
2018-07-12,9270.5712890625,9342.4365234375,9198.7060546875,9270.5712890625,81624
2018-07-15,9270.5712890625,9306.50390625,9198.7060546875,9270.5712890625,87872
2018-07-16,9306.50390625,9558.03125,9270.5712890625,9558.03125,420191
2018-07-17,9629.8955078125,10204.8154296875,9558.03125,9558.03125,199039
2018-07-18,9558.03125,9773.6259765625,9486.166015625,9629.8955078125,98239
2018-07-19,9629.8955078125,9629.8955078125,9126.841796875,9162.7744140625,100661
2018-07-22,9126.841796875,9198.7060546875,8911.2470703125,8911.2470703125,100326
2018-07-23,8911.2470703125,8911.2470703125,8803.44921875,8803.44921875,82459
2018-07-24,8839.3818359375,8911.2470703125,8767.5166015625,8803.44921875,156404
2018-07-25,8839.3818359375,8839.3818359375,8264.462890625,8551.9228515625,112586
2018-07-26,8551.9228515625,8551.9228515625,8336.328125,8408.1923828125,89389
2018-07-29,8408.1923828125,8408.1923828125,8192.59765625,8408.1923828125,130592
2018-07-30,8372.259765625,8623.787109375,8336.328125,8480.0576171875,116064
2018-07-31,8480.0576171875,8695.65234375,8336.328125,8480.0576171875,117928
2018-08-01,8480.0576171875,8480.0576171875,8120.73291015625,8120.73291015625,116440
2018-08-02,8264.462890625,8264.462890625,7977.00341796875,8048.8681640625,50845
2018-08-05,8192.59765625,8192.59765625,7545.81396484375,7545.81396484375,58261
2018-08-06,7042.759765625,7977.00341796875,7021.2001953125,7869.2060546875,107493
2018-08-07,7905.13818359375,8048.8681640625,7869.2060546875,7905.13818359375,60126
2018-08-08,7977.00341796875,8048.8681640625,7833.2734375,7905.13818359375,59263
2018-08-09,7977.00341796875,8048.8681640625,7761.40869140625,7905.13818359375,69922
2018-08-12,7905.13818359375,7977.00341796875,7366.15185546875,7366.15185546875,110734
2018-08-13,7222.421875,7222.421875,6855.91064453125,7186.4892578125,113044
2018-08-14,7186.4892578125,7294.28662109375,7114.62451171875,7258.3544921875,113657
2018-08-15,7258.3544921875,7725.47607421875,7258.3544921875,7689.54345703125,121797
2018-08-16,7761.40869140625,7761.40869140625,7473.94873046875,7689.54345703125,93090
2018-08-19,7689.54345703125,7905.13818359375,7545.81396484375,7761.40869140625,122730
2018-08-20,7905.13818359375,8048.8681640625,7761.40869140625,7833.2734375,158060
2018-08-21,7833.2734375,7977.00341796875,7617.6787109375,7617.6787109375,184540
2018-08-22,7905.13818359375,7977.00341796875,7689.54345703125,7689.54345703125,1271176
2018-08-23,7833.2734375,8192.59765625,7617.6787109375,7689.54345703125,1519127
2018-08-26,7689.54345703125,8048.8681640625,7689.54345703125,7977.00341796875,40004
2018-08-27,7797.3408203125,8120.73291015625,7797.3408203125,8120.73291015625,29763
2018-08-28,7833.2734375,7905.13818359375,7833.2734375,7905.13818359375,24629
2018-08-29,7905.13818359375,7905.13818359375,7761.40869140625,7761.40869140625,76615
2018-08-30,7833.2734375,7977.00341796875,7689.54345703125,7689.54345703125,115507
2018-09-03,7689.54345703125,7905.13818359375,7689.54345703125,7905.13818359375,272803
2018-09-04,7905.13818359375,7905.13818359375,7689.54345703125,7905.13818359375,36081
2018-09-05,8120.73291015625,8120.73291015625,7689.54345703125,7869.2060546875,25993
2018-09-06,7869.2060546875,8120.73291015625,7689.54345703125,7905.13818359375,26841
2018-09-09,7905.13818359375,7905.13818359375,7761.40869140625,7797.3408203125,12801
2018-09-10,7905.13818359375,7905.13818359375,7761.40869140625,7833.2734375,4229
2018-09-11,7833.2734375,7869.2060546875,7833.2734375,7869.2060546875,959
2018-09-12,7797.3408203125,7833.2734375,7797.3408203125,7833.2734375,6734
2018-09-13,7833.2734375,7869.2060546875,7761.40869140625,7869.2060546875,8431
2018-09-16,7833.2734375,7869.2060546875,7761.40869140625,7761.40869140625,25352
2018-09-17,7833.2734375,7833.2734375,7833.2734375,7833.2734375,4452
2018-09-18,7761.40869140625,7869.2060546875,7761.40869140625,7869.2060546875,22555
2018-09-19,7869.2060546875,7869.2060546875,7725.47607421875,7725.47607421875,14721
2018-09-20,7725.47607421875,7869.2060546875,7725.47607421875,7869.2060546875,5384
2018-09-23,7761.40869140625,7761.40869140625,7689.54345703125,7689.54345703125,62366
2018-09-24,7689.54345703125,7869.2060546875,7653.611328125,7869.2060546875,61823
2018-09-25,7905.13818359375,8408.1923828125,7833.2734375,7833.2734375,414861
2018-09-26,8336.328125,8372.259765625,8264.462890625,8372.259765625,1046371
2018-09-27,8623.787109375,8947.1796875,8623.787109375,8947.1796875,91379
2018-09-30,8947.1796875,9486.166015625,8947.1796875,8983.111328125,701316
2018-10-01,9126.841796875,9378.369140625,8983.111328125,8983.111328125,60877
2018-10-02,8623.787109375,9126.841796875,8408.1923828125,8623.787109375,36206
2018-10-03,8623.787109375,8947.1796875,8408.1923828125,8767.5166015625,27912
2018-10-04,8803.44921875,8983.111328125,8623.787109375,8767.5166015625,15445
2018-10-07,8551.9228515625,8875.314453125,8551.9228515625,8623.787109375,14443
2018-10-08,8911.2470703125,8911.2470703125,8551.9228515625,8695.65234375,80498
2018-10-09,8695.65234375,8695.65234375,8551.9228515625,8695.65234375,7708
2018-10-10,8551.9228515625,8551.9228515625,8120.73291015625,8120.73291015625,84241
2018-10-11,8084.80078125,8623.787109375,8084.80078125,8623.787109375,32936
2018-10-14,8911.2470703125,8911.2470703125,8623.787109375,8839.3818359375,24740
2018-10-15,8623.787109375,8767.5166015625,8623.787109375,8767.5166015625,36693
2018-10-16,8839.3818359375,8983.111328125,8767.5166015625,8839.3818359375,67265
2018-10-17,8839.3818359375,8911.2470703125,8767.5166015625,8767.5166015625,67556
2018-10-18,8695.65234375,8839.3818359375,8551.9228515625,8767.5166015625,73679
2018-10-21,8839.3818359375,8839.3818359375,8623.787109375,8695.65234375,79663
2018-10-22,8551.9228515625,8551.9228515625,8408.1923828125,8408.1923828125,79384
2018-10-23,8480.0576171875,8551.9228515625,8408.1923828125,8515.990234375,105934
2018-10-24,8336.328125,8408.1923828125,7941.07080078125,8336.328125,126890
2018-10-25,8336.328125,8767.5166015625,8336.328125,8480.0576171875,104806
2018-10-28,8480.0576171875,8623.787109375,8408.1923828125,8551.9228515625,73304
2018-10-29,8551.9228515625,8695.65234375,8480.0576171875,8695.65234375,96193
2018-10-30,8695.65234375,8983.111328125,8623.787109375,8839.3818359375,107311
2018-10-31,8767.5166015625,8875.314453125,8623.787109375,8875.314453125,530314
2018-11-01,8875.314453125,8911.2470703125,8839.3818359375,8911.2470703125,1219092
2018-11-04,8911.2470703125,9019.0439453125,8911.2470703125,8983.111328125,1002652
2018-11-05,8911.2470703125,9234.638671875,8911.2470703125,9234.638671875,592189
2018-11-06,9169.9609375,9841.8974609375,9169.9609375,9644.2685546875,609375
2018-11-07,9486.166015625,9486.166015625,9130.4345703125,9209.486328125,816797
2018-11-08,9209.486328125,9486.166015625,9011.857421875,9407.1142578125,830408
2018-11-11,9407.1142578125,9841.8974609375,9090.9091796875,9841.8974609375,712561
2018-11-12,9802.37109375,9920.9482421875,9407.1142578125,9407.1142578125,1404023
2018-11-13,9407.1142578125,9407.1142578125,9169.9609375,9209.486328125,1086874
2018-11-14,9169.9609375,9209.486328125,8577.0751953125,8774.703125,174784
2018-11-15,8774.703125,9090.9091796875,8458.498046875,8458.498046875,1666106
2018-11-18,8339.9208984375,8695.65234375,8300.3955078125,8537.5498046875,876113
2018-11-19,8458.498046875,9130.4345703125,8418.97265625,9130.4345703125,253809
2018-11-20,9130.4345703125,9644.2685546875,8774.703125,9288.537109375,128018
2018-11-21,9604.7431640625,9723.3203125,9249.01171875,9288.537109375,208978
2018-11-22,9288.537109375,9802.37109375,9288.537109375,9565.2177734375,330544
2018-11-25,9486.166015625,9920.9482421875,9486.166015625,9723.3203125,98973
2018-11-26,9486.166015625,9960.474609375,9486.166015625,9762.845703125,161527
2018-11-27,9604.7431640625,9802.37109375,9604.7431640625,9723.3203125,30309
2018-11-28,9802.37109375,10276.6796875,9802.37109375,9881.4228515625,69359
2018-11-29,9881.4228515625,10513.833984375,9881.4228515625,10513.833984375,510478
2018-12-02,10750.98828125,10830.0390625,10513.833984375,10592.8857421875,130256
2018-12-03,10434.7822265625,11106.7197265625,10276.6796875,11106.7197265625,328456
2018-12-04,11106.7197265625,11106.7197265625,10592.8857421875,10671.9365234375,146234
2018-12-05,10711.462890625,10750.98828125,10474.30859375,10711.462890625,134431
2018-12-06,10592.8857421875,10909.0908203125,10592.8857421875,10592.8857421875,87360
2018-12-09,10592.8857421875,11027.66796875,10592.8857421875,11027.66796875,133255
2018-12-10,11106.7197265625,11383.3994140625,11067.193359375,11383.3994140625,340538
2018-12-11,11383.3994140625,11383.3994140625,10988.142578125,11146.2451171875,159061
2018-12-12,11462.4501953125,11462.4501953125,11067.193359375,11225.296875,153216
2018-12-13,11106.7197265625,11383.3994140625,11067.193359375,11383.3994140625,254771
2018-12-16,11383.3994140625,11383.3994140625,11106.7197265625,11185.7705078125,286522
2018-12-17,11185.7705078125,11304.34765625,10830.0390625,11027.66796875,508795
2018-12-18,11304.34765625,11383.3994140625,10909.0908203125,11383.3994140625,116354
2018-12-19,11146.2451171875,11857.70703125,11106.7197265625,11857.70703125,285788
2018-12-20,11857.70703125,11857.70703125,11462.4501953125,11778.65625,169813
2018-12-23,11778.65625,11778.65625,11541.501953125,11620.5537109375,174455
2018-12-24,11462.4501953125,11857.70703125,10909.0908203125,11857.70703125,138492
2018-12-25,11778.65625,11857.70703125,11304.34765625,11581.02734375,100947
2018-12-26,11462.4501953125,11778.65625,11304.34765625,11778.65625,215542
2018-12-27,11778.65625,12252.96484375,11383.3994140625,12252.96484375,293884
2019-01-01,11897.2333984375,12173.9130859375,11501.9765625,11541.501953125,73458
2019-01-02,11462.4501953125,11541.501953125,11067.193359375,11541.501953125,88170
2019-01-03,10988.142578125,12292.490234375,10988.142578125,11462.4501953125,104489
2019-01-06,11462.4501953125,11541.501953125,11067.193359375,11383.3994140625,92002
2019-01-07,10988.142578125,10988.142578125,10750.98828125,10909.0908203125,49144
2019-01-08,10909.0908203125,10909.0908203125,10671.9365234375,10671.9365234375,101250
2019-01-09,10513.833984375,11225.296875,10513.833984375,10909.0908203125,57063
2019-01-10,11146.2451171875,11146.2451171875,10711.462890625,11067.193359375,38886
2019-01-13,11027.66796875,11067.193359375,10830.0390625,10988.142578125,121364
2019-01-14,10750.98828125,11146.2451171875,10750.98828125,11146.2451171875,81528
2019-01-15,11146.2451171875,11225.296875,10988.142578125,11067.193359375,43237
2019-01-16,10988.142578125,11383.3994140625,10909.0908203125,11383.3994140625,161439
2019-01-17,11383.3994140625,11383.3994140625,10988.142578125,11225.296875,107182
2019-01-20,11067.193359375,11225.296875,11027.66796875,11146.2451171875,71953
2019-01-21,11067.193359375,11383.3994140625,10988.142578125,11343.873046875,219970
2019-01-22,11304.34765625,11383.3994140625,11304.34765625,11383.3994140625,80934
2019-01-23,11304.34765625,11462.4501953125,11264.822265625,11462.4501953125,85349
2019-01-24,11462.4501953125,11699.6044921875,11383.3994140625,11699.6044921875,175936
2019-01-27,11699.6044921875,11699.6044921875,11304.34765625,11699.6044921875,151850
2019-01-28,11541.501953125,11857.70703125,11264.822265625,11857.70703125,180464
2019-01-29,11620.5537109375,12252.96484375,11541.501953125,12252.96484375,190824
2019-01-30,12292.490234375,12292.490234375,11778.65625,12213.4384765625,99606
2019-01-31,11857.70703125,12411.0673828125,11857.70703125,12411.0673828125,156227
2019-02-10,12252.96484375,13043.478515625,12094.861328125,13043.478515625,129598
2019-02-11,12885.3759765625,13201.5810546875,12569.169921875,12648.2216796875,50524
2019-02-12,12727.2724609375,12806.32421875,12332.015625,12332.015625,87765
2019-02-13,12411.0673828125,12490.1181640625,12094.861328125,12490.1181640625,101124
2019-02-14,12411.0673828125,12411.0673828125,12173.9130859375,12411.0673828125,24173
2019-02-17,12411.0673828125,12411.0673828125,12173.9130859375,12411.0673828125,38240
2019-02-18,12411.0673828125,12411.0673828125,12134.3876953125,12134.3876953125,121920
2019-02-19,12094.861328125,12094.861328125,11897.2333984375,11897.2333984375,43465
2019-02-20,11857.70703125,12094.861328125,11857.70703125,12094.861328125,53534
2019-02-21,12094.861328125,12094.861328125,11857.70703125,12015.810546875,41137
2019-02-24,12015.810546875,12015.810546875,11818.181640625,11936.7587890625,167764
2019-02-25,11857.70703125,12015.810546875,11857.70703125,12015.810546875,36305
2019-02-26,11936.7587890625,12094.861328125,11857.70703125,12094.861328125,68701
2019-02-27,12094.861328125,12094.861328125,11778.65625,12015.810546875,97417
2019-02-28,12015.810546875,12015.810546875,11778.65625,12015.810546875,107562
2019-03-03,12015.810546875,12173.9130859375,11778.65625,12094.861328125,299184
2019-03-04,12094.861328125,12173.9130859375,11936.7587890625,12094.861328125,114836
2019-03-05,12094.861328125,12252.96484375,11976.2841796875,12252.96484375,101301
2019-03-06,12252.96484375,12332.015625,12094.861328125,12332.015625,198617
2019-03-07,12252.96484375,12252.96484375,12015.810546875,12015.810546875,130396
2019-03-10,12015.810546875,12252.96484375,12015.810546875,12252.96484375,74710
2019-03-11,12252.96484375,12252.96484375,12015.810546875,12015.810546875,90206
2019-03-12,11936.7587890625,12648.2216796875,11936.7587890625,12648.2216796875,402573
2019-03-13,12648.2216796875,12964.4267578125,12490.1181640625,12766.798828125,251760
2019-03-14,12806.32421875,12806.32421875,12332.015625,12490.1181640625,202968
2019-03-17,12252.96484375,12569.169921875,12252.96484375,12569.169921875,170432
2019-03-18,12411.0673828125,12569.169921875,12094.861328125,12332.015625,187459
2019-03-19,12332.015625,12332.015625,12015.810546875,12252.96484375,109940
2019-03-20,11976.2841796875,12252.96484375,11857.70703125,11976.2841796875,146347
2019-03-21,12015.810546875,12173.9130859375,11976.2841796875,12094.861328125,99024
2019-03-24,11936.7587890625,12094.861328125,11857.70703125,12094.861328125,66247
2019-03-25,12094.861328125,12094.861328125,11857.70703125,12055.3359375,117049
2019-03-26,12094.861328125,12094.861328125,11857.70703125,11857.70703125,93242
2019-03-27,12015.810546875,12490.1181640625,12015.810546875,12213.4384765625,89751
2019-03-28,12252.96484375,12252.96484375,12015.810546875,12173.9130859375,95507
2019-03-31,12173.9130859375,12173.9130859375,11857.70703125,11936.7587890625,85930
2019-04-01,11936.7587890625,12173.9130859375,11897.2333984375,12015.810546875,97138
2019-04-02,12015.810546875,12094.861328125,11857.70703125,12094.861328125,154746
2019-04-03,12173.9130859375,12173.9130859375,11897.2333984375,12094.861328125,33559
2019-04-04,12094.861328125,12173.9130859375,11897.2333984375,12094.861328125,91358
2019-04-07,12094.861328125,12094.861328125,11857.70703125,11936.7587890625,86715
2019-04-08,11936.7587890625,12094.861328125,11857.70703125,12015.810546875,71813
2019-04-09,11936.7587890625,12015.810546875,11936.7587890625,12015.810546875,51789
2019-04-10,12015.810546875,12015.810546875,11936.7587890625,11976.2841796875,53066
2019-04-11,11936.7587890625,11936.7587890625,11857.70703125,11936.7587890625,62680
2019-04-15,11897.2333984375,11976.2841796875,11857.70703125,11936.7587890625,79948
2019-04-16,11897.2333984375,11936.7587890625,11857.70703125,11857.70703125,87993
2019-04-17,11936.7587890625,11936.7587890625,11778.65625,11857.70703125,46867
2019-04-18,11897.2333984375,11897.2333984375,11857.70703125,11897.2333984375,30144
2019-04-21,11936.7587890625,11936.7587890625,11778.65625,11857.70703125,755900
2019-04-22,11818.181640625,12252.96484375,11462.4501953125,12094.861328125,248952
2019-04-23,12015.810546875,12055.3359375,12015.810546875,12015.810546875,839934
2019-04-24,12015.810546875,12094.861328125,11936.7587890625,11936.7587890625,95583
2019-04-25,11976.2841796875,12015.810546875,11936.7587890625,12015.810546875,219047
2019-05-01,12015.810546875,12252.96484375,11897.2333984375,12094.861328125,125677
2019-05-02,11976.2841796875,12173.9130859375,11897.2333984375,12094.861328125,78708
2019-05-05,12094.861328125,12094.861328125,11897.2333984375,12015.810546875,121350
2019-05-06,11936.7587890625,12094.861328125,11897.2333984375,11976.2841796875,148700
2019-05-07,11976.2841796875,12015.810546875,11857.70703125,12015.810546875,81933
2019-05-08,11976.2841796875,11976.2841796875,11739.130859375,11976.2841796875,48601
2019-05-09,11897.2333984375,11936.7587890625,11857.70703125,11936.7587890625,46564
2019-05-12,11857.70703125,11936.7587890625,11857.70703125,11897.2333984375,266825
2019-05-13,11897.2333984375,12648.2216796875,11897.2333984375,11976.2841796875,153621
2019-05-14,11897.2333984375,12015.810546875,11857.70703125,11976.2841796875,112888
2019-05-15,11857.70703125,12252.96484375,11857.70703125,12252.96484375,264321
2019-05-16,12173.9130859375,12964.4267578125,12173.9130859375,12806.32421875,242158
2019-05-19,12648.2216796875,13438.7353515625,12648.2216796875,13438.7353515625,189610
2019-05-20,13280.6328125,13675.8896484375,13280.6328125,13675.8896484375,112571
2019-05-21,13438.7353515625,13754.9404296875,13359.68359375,13636.36328125,80782
2019-05-22,13636.36328125,13675.8896484375,13280.6328125,13517.7861328125,53408
2019-05-23,13359.68359375,13596.837890625,13122.529296875,13517.7861328125,35128
2019-05-26,13280.6328125,13517.7861328125,13201.5810546875,13438.7353515625,27830
2019-05-27,13438.7353515625,13675.8896484375,13280.6328125,13675.8896484375,53243
2019-05-28,13675.8896484375,13675.8896484375,13359.68359375,13596.837890625,72395
2019-05-29,13596.837890625,13913.0439453125,13280.6328125,13913.0439453125,221046
2019-05-30,13913.0439453125,14229.2490234375,13913.0439453125,14229.2490234375,176012
2019-06-02,14229.2490234375,14387.3515625,14071.146484375,14229.2490234375,159263
2019-06-03,14229.2490234375,14545.4541015625,13913.0439453125,14071.146484375,193177
2019-06-04,14150.197265625,14229.2490234375,13596.837890625,13913.0439453125,213695
2019-06-05,13754.9404296875,14071.146484375,13596.837890625,14071.146484375,281892
2019-06-06,14071.146484375,14229.2490234375,13913.0439453125,14071.146484375,99201
2019-06-09,13992.0947265625,14466.4033203125,13833.9921875,14466.4033203125,195316
2019-06-10,14466.4033203125,14624.505859375,14150.197265625,14624.505859375,188876
2019-06-11,14636.36328125,15454.5458984375,14590.9091796875,15454.5458984375,317328
2019-06-12,15454.5458984375,16090.9091796875,15454.5458984375,15909.0908203125,126995
2019-06-13,15909.0908203125,16545.455078125,15363.63671875,15818.181640625,135982
2019-06-16,15545.4541015625,15727.2724609375,15363.63671875,15727.2724609375,21098
2019-06-17,15727.2724609375,16363.63671875,15727.2724609375,16000.0,802747
2019-06-18,16090.9091796875,16727.2734375,15909.0908203125,16272.7275390625,913313
2019-06-19,16090.9091796875,16363.63671875,15818.181640625,15818.181640625,68541
2019-06-20,15909.0908203125,16272.7275390625,15636.36328125,16272.7275390625,616506
2019-06-23,16272.7275390625,16272.7275390625,15863.63671875,16181.818359375,245311
2019-06-24,16181.818359375,16181.818359375,15818.181640625,16090.9091796875,207119
2019-06-25,15909.0908203125,16454.544921875,15818.181640625,16454.544921875,88297
2019-06-26,16272.7275390625,16545.455078125,15909.0908203125,16363.63671875,166804
2019-06-27,16545.455078125,17363.63671875,16090.9091796875,17363.63671875,246620
2019-06-30,17363.63671875,18000.0,17181.818359375,18000.0,194128
2019-07-01,18000.0,18181.818359375,17409.091796875,17818.181640625,122155
2019-07-02,17818.181640625,18000.0,17000.0,17363.63671875,113784
2019-07-03,17363.63671875,17818.181640625,17181.818359375,17545.455078125,131373
2019-07-04,17363.63671875,17727.2734375,16818.181640625,17454.544921875,55770
2019-07-07,17454.544921875,17636.36328125,16954.544921875,17363.63671875,104918
2019-07-08,17363.63671875,17363.63671875,16818.181640625,17272.7265625,67430
2019-07-09,16818.181640625,17272.7265625,16818.181640625,17181.818359375,141768
2019-07-10,17272.7265625,17272.7265625,16772.7265625,16818.181640625,191840
2019-07-11,16818.181640625,17181.818359375,16818.181640625,16818.181640625,82632
2019-07-14,16863.63671875,17181.818359375,16863.63671875,17181.818359375,174185
2019-07-15,17181.818359375,17363.63671875,16818.181640625,17272.7265625,143539
2019-07-16,17272.7265625,17272.7265625,16863.63671875,17181.818359375,157311
2019-07-17,17181.818359375,17181.818359375,16818.181640625,17000.0,137368
2019-07-18,16818.181640625,17000.0,16818.181640625,17000.0,73161
2019-07-21,17000.0,17000.0,16818.181640625,17000.0,71170
2019-07-22,16727.2734375,17181.818359375,16636.36328125,17000.0,118063
2019-07-23,16909.091796875,17590.908203125,16727.2734375,17545.455078125,207383
2019-07-24,17727.2734375,18000.0,17590.908203125,17863.63671875,170511
2019-07-25,17909.091796875,18000.0,17545.455078125,17954.544921875,156675
2019-07-28,17636.36328125,17909.091796875,17545.455078125,17818.181640625,465428
2019-07-29,17545.455078125,17818.181640625,17500.0,17818.181640625,64295
2019-07-30,17545.455078125,18454.544921875,17500.0,18454.544921875,196724
2019-07-31,18454.544921875,18636.36328125,18136.36328125,18545.455078125,138996
2019-08-01,18545.455078125,18545.455078125,18000.0,18363.63671875,54703
2019-08-04,18181.818359375,18181.818359375,17636.36328125,17636.36328125,114477
2019-08-05,17454.544921875,18181.818359375,17000.0,17909.091796875,123497
2019-08-06,17545.455078125,18090.908203125,17545.455078125,18000.0,81631
2019-08-07,17545.455078125,17909.091796875,17545.455078125,17909.091796875,98098
2019-08-08,17545.455078125,17909.091796875,17545.455078125,17909.091796875,136543
2019-08-11,17818.181640625,17818.181640625,17454.544921875,17727.2734375,63789
2019-08-12,17545.455078125,17727.2734375,17272.7265625,17636.36328125,79090
2019-08-13,17636.36328125,17727.2734375,17181.818359375,17181.818359375,83688
2019-08-14,17181.818359375,17727.2734375,16909.091796875,17727.2734375,57453
2019-08-15,17636.36328125,17909.091796875,17454.544921875,17727.2734375,61006
2019-08-18,17454.544921875,17727.2734375,17363.63671875,17636.36328125,78144
2019-08-19,17636.36328125,17636.36328125,17363.63671875,17636.36328125,44847
2019-08-20,17636.36328125,17681.818359375,17363.63671875,17363.63671875,33858
2019-08-21,17363.63671875,17636.36328125,17363.63671875,17636.36328125,64471
2019-08-22,17636.36328125,18454.544921875,17545.455078125,18454.544921875,98835
2019-08-25,18454.544921875,18454.544921875,17954.544921875,18181.818359375,89386
2019-08-26,18181.818359375,18181.818359375,17727.2734375,18090.908203125,48026
2019-08-27,18090.908203125,18181.818359375,17772.7265625,17818.181640625,143357
2019-08-28,17772.7265625,18000.0,17727.2734375,18000.0,68519
2019-08-29,18000.0,18454.544921875,18000.0,18454.544921875,180213
2019-09-02,18454.544921875,18454.544921875,17818.181640625,17909.091796875,59972
2019-09-03,17909.091796875,18181.818359375,17863.63671875,18181.818359375,62865
2019-09-04,18090.908203125,18272.7265625,17909.091796875,18181.818359375,87197
2019-09-05,18181.818359375,18272.7265625,18000.0,18227.2734375,96525
2019-09-08,18227.2734375,18318.181640625,18090.908203125,18318.181640625,1144993
2019-09-09,18363.63671875,19590.908203125,18363.63671875,19590.908203125,681395
2019-09-10,20181.818359375,20954.544921875,20181.818359375,20954.544921875,271326
2019-09-11,21363.63671875,22272.7265625,21181.818359375,21636.36328125,237248
2019-09-12,20772.7265625,20772.7265625,20136.36328125,20181.818359375,399344
2019-09-15,19818.181640625,20000.0,19272.7265625,20000.0,137841
2019-09-16,19636.36328125,20727.2734375,19545.455078125,20727.2734375,108581
2019-09-17,20000.0,20545.455078125,19545.455078125,20090.908203125,180367
2019-09-18,20000.0,20272.7265625,19272.7265625,19909.091796875,6935116
2019-09-19,19545.455078125,19909.091796875,19090.908203125,19454.544921875,117942
2019-09-22,19090.908203125,19454.544921875,18909.091796875,19272.7265625,4903026
2019-09-23,19000.0,19636.36328125,19000.0,19545.455078125,92004
2019-09-24,19545.455078125,19636.36328125,19090.908203125,19454.544921875,72160
2019-09-25,19454.544921875,19727.2734375,19090.908203125,19727.2734375,84227
2019-09-26,19590.908203125,19818.181640625,19454.544921875,19818.181640625,34595
2019-09-29,19818.181640625,20090.908203125,19545.455078125,20090.908203125,44847
2019-09-30,20090.908203125,20181.818359375,19818.181640625,20181.818359375,65978
2019-10-01,20000.0,20181.818359375,19727.2734375,20000.0,175813
2019-10-02,19636.36328125,20272.7265625,19545.455078125,20000.0,65527
2019-10-03,20000.0,20090.908203125,19818.181640625,20090.908203125,18645
2019-10-06,19636.36328125,20272.7265625,19636.36328125,20000.0,29007
2019-10-07,19636.36328125,19954.544921875,19636.36328125,19954.544921875,30723
2019-10-08,19636.36328125,19954.544921875,19590.908203125,19909.091796875,57761
2019-10-09,19636.36328125,19909.091796875,19636.36328125,19818.181640625,50479
2019-10-10,19818.181640625,19909.091796875,19727.2734375,19818.181640625,45133
2019-10-13,19818.181640625,20000.0,19636.36328125,19909.091796875,64592
2019-10-14,19909.091796875,19909.091796875,19636.36328125,19863.63671875,53031
2019-10-15,19727.2734375,19818.181640625,19318.181640625,19590.908203125,51744
2019-10-16,19590.908203125,20272.7265625,19590.908203125,20272.7265625,74932
2019-10-17,20272.7265625,20818.181640625,20272.7265625,20409.091796875,116831
2019-10-20,20409.091796875,20545.455078125,19181.818359375,20454.544921875,139711
2019-10-21,20454.544921875,20545.455078125,20000.0,20454.544921875,153593
2019-10-22,20090.908203125,20363.63671875,19636.36328125,20000.0,105853
2019-10-23,19909.091796875,20272.7265625,19818.181640625,20000.0,111551
2019-10-24,19909.091796875,20090.908203125,19727.2734375,20000.0,204083
2019-10-27,20000.0,20090.908203125,19818.181640625,20000.0,28754
2019-10-28,20000.0,20000.0,19636.36328125,19727.2734375,108746
2019-10-29,19727.2734375,20000.0,19727.2734375,20000.0,71258
2019-10-30,20000.0,20363.63671875,20000.0,20000.0,41283
2019-10-31,20000.0,20090.908203125,19909.091796875,20090.908203125,20053
2019-11-03,20000.0,20000.0,19636.36328125,20000.0,95315
2019-11-04,19727.2734375,20045.455078125,19636.36328125,20000.0,74316
2019-11-05,20000.0,20045.455078125,19727.2734375,20000.0,43582
2019-11-06,19818.181640625,20000.0,19727.2734375,20000.0,62139
2019-11-07,20000.0,20000.0,19727.2734375,19863.63671875,56441
2019-11-10,19863.63671875,19863.63671875,19545.455078125,19545.455078125,50094
2019-11-11,19545.455078125,19818.181640625,19545.455078125,19818.181640625,55671
2019-11-12,19636.36328125,19818.181640625,19636.36328125,19818.181640625,67859
2019-11-13,19818.181640625,19818.181640625,19545.455078125,19818.181640625,51282
2019-11-14,19818.181640625,19818.181640625,19500.0,19818.181640625,16555
2019-11-17,19636.36328125,19818.181640625,19636.36328125,19818.181640625,31790
2019-11-18,19636.36328125,19636.36328125,19545.455078125,19636.36328125,21912
2019-11-19,19545.455078125,19636.36328125,19454.544921875,19636.36328125,69575
2019-11-20,19545.455078125,19636.36328125,19545.455078125,19636.36328125,14652
2019-11-21,19545.455078125,19636.36328125,19545.455078125,19545.455078125,51931
2019-11-24,19409.091796875,19545.455078125,19272.7265625,19545.455078125,15565
2019-11-25,19454.544921875,19545.455078125,19363.63671875,19454.544921875,33110
2019-11-26,19454.544921875,19545.455078125,19181.818359375,19454.544921875,20130
2019-11-27,19545.455078125,19545.455078125,19000.0,19545.455078125,36465
2019-11-28,19500.0,19636.36328125,19090.908203125,19636.36328125,39710
2019-12-01,19818.181640625,20727.2734375,19545.455078125,20636.36328125,132748
2019-12-02,20727.2734375,20909.091796875,20681.818359375,20727.2734375,55528
2019-12-03,20727.2734375,20909.091796875,20454.544921875,20727.2734375,285263
2019-12-04,20454.544921875,20772.7265625,20454.544921875,20681.818359375,72611
2019-12-05,20545.455078125,21272.7265625,20454.544921875,20909.091796875,154385
2019-12-08,20909.091796875,21909.091796875,20909.091796875,21636.36328125,200112
2019-12-09,21636.36328125,21818.181640625,21454.544921875,21636.36328125,64680
2019-12-10,21409.091796875,21590.908203125,21363.63671875,21363.63671875,86295
2019-12-11,21272.7265625,21636.36328125,21272.7265625,21545.455078125,108944
2019-12-12,21636.36328125,21818.181640625,21363.63671875,21818.181640625,116633
2019-12-15,21818.181640625,22727.2734375,21818.181640625,22545.455078125,201993
2019-12-16,22545.455078125,22727.2734375,22272.7265625,22363.63671875,158136
2019-12-17,22318.181640625,22454.544921875,22000.0,22181.818359375,72479
2019-12-18,22000.0,22545.455078125,22000.0,22454.544921875,103180
2019-12-19,22363.63671875,24000.0,22272.7265625,23954.544921875,550165
2019-12-22,24090.908203125,24090.908203125,23818.181640625,24090.908203125,279587
2019-12-23,23909.091796875,24090.908203125,23909.091796875,23954.544921875,272591
2019-12-24,23818.181640625,23954.544921875,23636.36328125,23909.091796875,299882
2019-12-25,23545.455078125,23545.455078125,22727.2734375,23181.818359375,231044
2019-12-26,23181.818359375,23818.181640625,22818.181640625,23636.36328125,112079
2019-12-29,23545.455078125,23818.181640625,23272.7265625,23272.7265625,139524
2019-12-30,23181.818359375,23454.544921875,22272.7265625,23454.544921875,132033
2020-01-01,23363.63671875,23727.2734375,22818.181640625,23727.2734375,54208
2020-01-02,23727.2734375,23909.091796875,23181.818359375,23818.181640625,20966
2020-01-05,23363.63671875,23636.36328125,23272.7265625,23636.36328125,10593
2020-01-06,23272.7265625,23636.36328125,23181.818359375,23272.7265625,182776
2020-01-07,23363.63671875,23636.36328125,22818.181640625,23636.36328125,304546
2020-01-08,23363.63671875,23636.36328125,23363.63671875,23590.908203125,955535
2020-01-09,23590.908203125,23590.908203125,23136.36328125,23500.0,46398
2020-01-12,23363.63671875,23636.36328125,23272.7265625,23500.0,49390
2020-01-13,23500.0,23500.0,23227.2734375,23454.544921875,16456
2020-01-14,23454.544921875,23818.181640625,23000.0,23818.181640625,846791
2020-01-15,23818.181640625,23909.091796875,23000.0,23454.544921875,62414
2020-01-16,23545.455078125,23545.455078125,22818.181640625,23227.2734375,26367
2020-01-19,24090.908203125,24818.181640625,23363.63671875,23545.455078125,54934
2020-01-20,23909.091796875,23909.091796875,23363.63671875,23545.455078125,94380
2020-01-21,23545.455078125,23636.36328125,23181.818359375,23545.455078125,9845
2020-01-29,23545.455078125,23818.181640625,22454.544921875,23454.544921875,12507
2020-01-30,23363.63671875,23363.63671875,22272.7265625,23181.818359375,8580
2020-02-02,22000.0,22909.091796875,21590.908203125,22227.2734375,151756
2020-02-03,21818.181640625,21818.181640625,21454.544921875,21636.36328125,55429
2020-02-04,21636.36328125,22000.0,20818.181640625,21818.181640625,106755
2020-02-05,21818.181640625,22272.7265625,21818.181640625,21818.181640625,66847
2020-02-06,22181.818359375,22181.818359375,21727.2734375,21772.7265625,693715
2020-02-09,21772.7265625,21772.7265625,21590.908203125,21681.818359375,22924
2020-02-10,21954.544921875,21954.544921875,21181.818359375,21681.818359375,291819
2020-02-11,21727.2734375,22000.0,21545.455078125,21772.7265625,1400718
2020-02-12,21818.181640625,22454.544921875,21590.908203125,22136.36328125,54549
2020-02-13,22136.36328125,22136.36328125,21727.2734375,22045.455078125,7898
2020-02-16,22590.908203125,22590.908203125,21818.181640625,22090.908203125,8096
2020-02-17,21727.2734375,22090.908203125,21636.36328125,21909.091796875,37774
2020-02-18,21909.091796875,21909.091796875,21636.36328125,21818.181640625,20438
2020-02-19,21545.455078125,22727.2734375,21545.455078125,21818.181640625,145563
2020-02-20,21818.181640625,21818.181640625,21545.455078125,21818.181640625,88253
2020-02-23,22272.7265625,22272.7265625,21636.36328125,21818.181640625,113201
2020-02-24,21818.181640625,21909.091796875,21545.455078125,21818.181640625,64108
2020-02-25,21818.181640625,22272.7265625,21818.181640625,22090.908203125,29469
2020-02-26,22090.908203125,22727.2734375,22000.0,22727.2734375,32780
2020-02-27,22727.2734375,23636.36328125,22090.908203125,22727.2734375,18777
2020-03-01,22727.2734375,23181.818359375,22454.544921875,23181.818359375,13222
2020-03-02,23818.181640625,24090.908203125,23181.818359375,23545.455078125,57486
2020-03-03,23545.455078125,23727.2734375,22909.091796875,23727.2734375,1415772
2020-03-04,23909.091796875,23909.091796875,23363.63671875,23636.36328125,25388
2020-03-05,23181.818359375,24090.908203125,23000.0,23181.818359375,631840
2020-03-08,22727.2734375,22727.2734375,22363.63671875,22727.2734375,444070
2020-03-09,22272.7265625,22727.2734375,21818.181640625,22727.2734375,5786
2020-03-10,22090.908203125,22636.36328125,21636.36328125,22636.36328125,72754
2020-03-11,21090.908203125,22727.2734375,21090.908203125,22272.7265625,51975
2020-03-12,20727.2734375,22000.0,20727.2734375,22000.0,79123
2020-03-15,21818.181640625,22181.818359375,21454.544921875,21818.181640625,248656
2020-03-16,20909.091796875,21818.181640625,20909.091796875,21818.181640625,12562
2020-03-17,21818.181640625,22545.455078125,21818.181640625,22272.7265625,17578
2020-03-18,21818.181640625,22272.7265625,21181.818359375,21909.091796875,21780
2020-03-19,21636.36328125,22272.7265625,21636.36328125,21818.181640625,5126
2020-03-22,21454.544921875,21727.2734375,21363.63671875,21727.2734375,135564
2020-03-23,21727.2734375,22000.0,20909.091796875,21272.7265625,20031
2020-03-24,21818.181640625,22272.7265625,21363.63671875,21818.181640625,20163
2020-03-25,21818.181640625,21818.181640625,21545.455078125,21545.455078125,6336
2020-03-26,20727.2734375,21818.181640625,20727.2734375,21363.63671875,9548
2020-03-29,21090.908203125,21363.63671875,20909.091796875,20909.091796875,13816
2020-03-30,20727.2734375,21363.63671875,20454.544921875,20454.544921875,11088
2020-03-31,20272.7265625,21181.818359375,20272.7265625,20454.544921875,7920
2020-04-02,20454.544921875,21363.63671875,19045.455078125,20909.091796875,52866
2020-04-05,20636.36328125,21272.7265625,20000.0,20000.0,841478
2020-04-06,20000.0,20909.091796875,19090.908203125,20818.181640625,44385
2020-04-07,20454.544921875,20636.36328125,19363.63671875,20545.455078125,93830
2020-04-08,20000.0,21818.181640625,19136.36328125,21681.818359375,1181785
2020-04-09,21818.181640625,22090.908203125,21000.0,21818.181640625,74459
2020-04-12,21727.2734375,21818.181640625,21454.544921875,21818.181640625,142054
2020-04-13,21818.181640625,22000.0,21272.7265625,21818.181640625,466081
2020-04-14,22000.0,22727.2734375,21727.2734375,22636.36328125,198935
2020-04-15,22636.36328125,23181.818359375,22590.908203125,23000.0,52173
2020-04-16,23000.0,24590.908203125,22363.63671875,24590.908203125,325017
2020-04-19,26227.2734375,26272.7265625,24545.455078125,25000.0,101002
2020-04-20,24454.544921875,24818.181640625,23272.7265625,24000.0,69278
2020-04-21,23636.36328125,24727.2734375,22727.2734375,24545.455078125,59356
2020-04-22,24727.2734375,24909.091796875,23636.36328125,24363.63671875,78353
2020-04-23,24181.818359375,24454.544921875,23636.36328125,24454.544921875,31229
2020-04-26,24818.181640625,24818.181640625,23636.36328125,23909.091796875,58861
2020-04-27,23636.36328125,24545.455078125,23454.544921875,23454.544921875,29634
2020-04-28,23636.36328125,23636.36328125,23090.908203125,23181.818359375,81301
2020-05-03,23454.544921875,23454.544921875,21818.181640625,22454.544921875,80674
2020-05-04,23000.0,23000.0,21727.2734375,22181.818359375,101299
2020-05-05,22181.818359375,22727.2734375,22090.908203125,22636.36328125,58674
2020-05-06,22545.455078125,23545.455078125,22454.544921875,23545.455078125,1322913
2020-05-07,23545.455078125,23545.455078125,23181.818359375,23272.7265625,1512379
2020-05-10,23272.7265625,23272.7265625,22727.2734375,23181.818359375,57387
2020-05-11,23181.818359375,23363.63671875,23000.0,23272.7265625,35871
2020-05-12,23272.7265625,23363.63671875,22818.181640625,23181.818359375,144683
2020-05-13,23272.7265625,23272.7265625,22909.091796875,23272.7265625,5478
2020-05-14,23181.818359375,23272.7265625,23000.0,23181.818359375,8635
2020-05-17,23272.7265625,23636.36328125,23181.818359375,23636.36328125,52525
2020-05-18,23818.181640625,24090.908203125,23545.455078125,23909.091796875,39754
2020-05-19,23818.181640625,23909.091796875,23636.36328125,23636.36328125,21956
2020-05-20,23454.544921875,23636.36328125,22909.091796875,23636.36328125,59015
2020-05-21,23363.63671875,23363.63671875,22636.36328125,22727.2734375,20823
2020-05-24,22272.7265625,22909.091796875,21909.091796875,22909.091796875,57849
2020-05-25,22727.2734375,23181.818359375,21818.181640625,23181.818359375,48191
2020-05-26,23045.455078125,23363.63671875,22727.2734375,22818.181640625,8283
2020-05-27,22454.544921875,22772.7265625,22272.7265625,22636.36328125,7997
2020-05-28,22090.908203125,22636.36328125,21818.181640625,22636.36328125,28600
2020-05-31,22636.36328125,22636.36328125,21909.091796875,22545.455078125,15818
2020-06-01,22272.7265625,22545.455078125,21909.091796875,21909.091796875,565697
2020-06-02,21909.091796875,22090.908203125,21909.091796875,22000.0,15411
2020-06-03,22000.0,22272.7265625,21818.181640625,22272.7265625,86284
2020-06-04,21818.181640625,22363.63671875,21500.0,21818.181640625,68717
2020-06-07,21909.091796875,23318.181640625,21909.091796875,23318.181640625,281094
2020-06-08,23636.36328125,24454.544921875,23636.36328125,24090.908203125,158785
2020-06-09,24000.0,24818.181640625,23636.36328125,24818.181640625,170291
2020-06-10,24727.2734375,24727.2734375,23090.908203125,23090.908203125,138930
2020-06-11,21500.0,22727.2734375,21500.0,21818.181640625,81246
2020-06-14,21818.181640625,22272.7265625,20454.544921875,22272.7265625,166632
2020-06-15,22272.7265625,22272.7265625,21454.544921875,21818.181640625,18821
2020-06-16,21818.181640625,21818.181640625,21636.36328125,21727.2734375,8866
2020-06-17,21727.2734375,21818.181640625,21545.455078125,21818.181640625,21923
2020-06-18,21818.181640625,21818.181640625,21636.36328125,21818.181640625,27533
2020-06-21,22090.908203125,22090.908203125,21636.36328125,21818.181640625,24134
2020-06-22,21818.181640625,21818.181640625,21636.36328125,21727.2734375,40348
2020-06-23,21727.2734375,21727.2734375,21545.455078125,21727.2734375,17710
2020-06-24,21636.36328125,21636.36328125,21000.0,21590.908203125,16203
2020-06-25,21590.908203125,21590.908203125,21272.7265625,21545.455078125,9108
2020-06-28,21545.455078125,21545.455078125,20909.091796875,21545.455078125,170397
2020-06-29,21545.455078125,21545.455078125,21181.818359375,21545.455078125,444070
2020-06-30,21545.455078125,21863.63671875,21363.63671875,21818.181640625,522500
2020-07-01,21818.181640625,22090.908203125,21636.36328125,21681.818359375,82093
2020-07-02,22272.7265625,22272.7265625,21090.908203125,21090.908203125,19657
2020-07-05,21090.908203125,21727.2734375,21090.908203125,21727.2734375,572
2020-07-06,21727.2734375,21727.2734375,21136.36328125,21454.544921875,351465
2020-07-07,21454.544921875,21454.544921875,21136.36328125,21454.544921875,114752
2020-07-08,21454.544921875,21454.544921875,21136.36328125,21272.7265625,91828
2020-07-09,21272.7265625,21363.63671875,21000.0,21363.63671875,73854
2020-07-12,21727.2734375,21727.2734375,21181.818359375,21363.63671875,1650
2020-07-13,21363.63671875,21818.181640625,21227.2734375,21545.455078125,298364
2020-07-14,21545.455078125,21545.455078125,21363.63671875,21545.455078125,4829
2020-07-15,21636.36328125,21818.181640625,21363.63671875,21545.455078125,8151
2020-07-16,21545.455078125,21545.455078125,20636.36328125,21363.63671875,26378
2020-07-19,20909.091796875,21181.818359375,20818.181640625,20909.091796875,18491
2020-07-20,20909.091796875,20909.091796875,20363.63671875,20727.2734375,14806
2020-07-21,20727.2734375,20727.2734375,20272.7265625,20363.63671875,12628
2020-07-22,20272.7265625,20363.63671875,19727.2734375,20363.63671875,26631
2020-07-23,21181.818359375,21181.818359375,19545.455078125,20363.63671875,6017
2020-07-26,20090.908203125,20363.63671875,18954.544921875,20363.63671875,41481
2020-07-27,20363.63671875,20363.63671875,19818.181640625,20000.0,85173
2020-07-28,20000.0,20363.63671875,19454.544921875,20363.63671875,6765
2020-07-29,20363.63671875,20909.091796875,20000.0,20909.091796875,7865
2020-07-30,20727.2734375,20909.091796875,20454.544921875,20909.091796875,2332
2020-08-02,20909.091796875,21363.63671875,20545.455078125,21363.63671875,77704
2020-08-03,21363.63671875,21363.63671875,21090.908203125,21363.63671875,1868028
2020-08-04,21181.818359375,21363.63671875,21090.908203125,21363.63671875,105842
2020-08-05,21363.63671875,21363.63671875,21090.908203125,21363.63671875,2629
2020-08-06,21545.455078125,21545.455078125,21090.908203125,21363.63671875,9889
2020-08-09,21363.63671875,21818.181640625,21272.7265625,21727.2734375,4499
2020-08-10,21727.2734375,21727.2734375,21454.544921875,21681.818359375,2439008
2020-08-11,21681.818359375,21818.181640625,21363.63671875,21545.455078125,124773
2020-08-12,21545.455078125,21545.455078125,21090.908203125,21545.455078125,24596
2020-08-13,21454.544921875,21454.544921875,20818.181640625,21363.63671875,25289
2020-08-16,21363.63671875,21363.63671875,20909.091796875,20909.091796875,470336
2020-08-17,20636.36328125,20818.181640625,20454.544921875,20454.544921875,204875
2020-08-18,20454.544921875,20545.455078125,20454.544921875,20454.544921875,29678
2020-08-19,20636.36328125,20636.36328125,20454.544921875,20545.455078125,37554
2020-08-20,20636.36328125,20818.181640625,20636.36328125,20818.181640625,47542
2020-08-23,20909.091796875,20909.091796875,20636.36328125,20636.36328125,1732097
2020-08-24,20636.36328125,21000.0,20636.36328125,20909.091796875,283129
2020-08-25,20818.181640625,21000.0,20454.544921875,20727.2734375,69663
2020-08-26,20636.36328125,20636.36328125,20454.544921875,20636.36328125,474958
2020-08-27,20454.544921875,20545.455078125,20363.63671875,20545.455078125,421795
2020-08-30,20545.455078125,20545.455078125,20181.818359375,20545.455078125,779231
2020-08-31,20909.091796875,20909.091796875,20000.0,20545.455078125,1265645
2020-09-02,20545.455078125,20545.455078125,19818.181640625,20272.7265625,74206
2020-09-03,20181.818359375,20272.7265625,20000.0,20000.0,57442
2020-09-06,20000.0,20363.63671875,19954.544921875,20136.36328125,252802
2020-09-07,20136.36328125,20136.36328125,19909.091796875,20136.36328125,18975
2020-09-08,20090.908203125,20090.908203125,19818.181640625,20090.908203125,7535
2020-09-09,20090.908203125,20090.908203125,19818.181640625,19818.181640625,17842
2020-09-10,19818.181640625,19909.091796875,19818.181640625,19818.181640625,231935
2020-09-13,19818.181640625,20545.455078125,19818.181640625,20272.7265625,51645
2020-09-14,20272.7265625,20454.544921875,20272.7265625,20272.7265625,12980
2020-09-15,20272.7265625,20636.36328125,20227.2734375,20363.63671875,44176
2020-09-16,20636.36328125,20636.36328125,20272.7265625,20318.181640625,85855
2020-09-17,20318.181640625,20363.63671875,20090.908203125,20090.908203125,19558
2020-09-20,20181.818359375,20409.091796875,20000.0,20090.908203125,1054761
2020-09-21,20045.455078125,20090.908203125,19909.091796875,20090.908203125,22682
2020-09-22,20090.908203125,20090.908203125,20000.0,20000.0,69124
2020-09-23,20000.0,20000.0,19727.2734375,19909.091796875,92323
2020-09-24,19727.2734375,19818.181640625,19545.455078125,19636.36328125,80608
2020-09-27,19636.36328125,19727.2734375,19136.36328125,19181.818359375,80685
2020-09-28,19181.818359375,19363.63671875,18954.544921875,19000.0,85459
2020-09-29,18909.091796875,19090.908203125,18363.63671875,18909.091796875,204754
2020-09-30,19272.7265625,19454.544921875,18863.63671875,19090.908203125,68640
2020-10-01,19363.63671875,19454.544921875,19090.908203125,19090.908203125,298529
2020-10-04,19090.908203125,19272.7265625,18909.091796875,19000.0,38060
2020-10-05,19000.0,19000.0,18863.63671875,18909.091796875,41833
2020-10-06,19000.0,19454.544921875,18863.63671875,19363.63671875,306878
2020-10-07,19454.544921875,19454.544921875,18909.091796875,18909.091796875,338954
2020-10-08,19000.0,19272.7265625,18909.091796875,19181.818359375,34892
2020-10-11,19181.818359375,19363.63671875,19090.908203125,19090.908203125,56122
2020-10-12,19090.908203125,19181.818359375,18909.091796875,19000.0,362703
2020-10-13,19000.0,19181.818359375,19000.0,19000.0,174273
2020-10-14,19090.908203125,19272.7265625,19045.455078125,19227.2734375,83303
2020-10-15,19227.2734375,19636.36328125,19181.818359375,19636.36328125,91465
2020-10-18,20090.908203125,20318.181640625,20000.0,20227.2734375,113421
2020-10-19,20318.181640625,20318.181640625,20045.455078125,20181.818359375,63129
2020-10-20,20181.818359375,20363.63671875,20000.0,20181.818359375,70158
2020-10-21,20090.908203125,20090.908203125,19818.181640625,20000.0,284471
2020-10-22,20000.0,20090.908203125,19545.455078125,19727.2734375,286616
2020-10-25,19818.181640625,20000.0,19454.544921875,19727.2734375,266464
2020-10-26,19727.2734375,19818.181640625,19454.544921875,19818.181640625,464376
2020-10-27,19818.181640625,19863.63671875,19363.63671875,19363.63671875,1616048
2020-10-28,19363.63671875,19363.63671875,18363.63671875,18818.181640625,130141
2020-10-29,19181.818359375,19545.455078125,18818.181640625,19545.455078125,24442
2020-11-01,19545.455078125,19954.544921875,19545.455078125,19909.091796875,660176
2020-11-02,19909.091796875,20045.455078125,19818.181640625,19954.544921875,180697
2020-11-03,19954.544921875,20045.455078125,19772.7265625,19954.544921875,71181
2020-11-04,19954.544921875,19954.544921875,19545.455078125,19818.181640625,254650
2020-11-05,19818.181640625,19909.091796875,19590.908203125,19818.181640625,68750
2020-11-08,19818.181640625,19909.091796875,19636.36328125,19863.63671875,69663
2020-11-09,19909.091796875,20000.0,19727.2734375,19909.091796875,108911
2020-11-10,19909.091796875,20000.0,19636.36328125,19909.091796875,1575346
2020-11-11,19909.091796875,19909.091796875,19590.908203125,19681.818359375,404965
2020-11-12,19681.818359375,19818.181640625,19454.544921875,19454.544921875,50435
2020-11-15,19454.544921875,19636.36328125,19090.908203125,19090.908203125,311454
2020-11-16,19090.908203125,19272.7265625,18909.091796875,19090.908203125,105424
2020-11-17,19090.908203125,19227.2734375,18909.091796875,19181.818359375,204380
2020-11-18,19090.908203125,19181.818359375,18454.544921875,18454.544921875,374275
2020-11-19,18636.36328125,18818.181640625,18090.908203125,18090.908203125,64933
2020-11-22,18090.908203125,18181.818359375,17454.544921875,17454.544921875,1205028
2020-11-23,17454.544921875,17636.36328125,17227.2734375,17454.544921875,151404
2020-11-24,17454.544921875,17454.544921875,17272.7265625,17272.7265625,36586
2020-11-25,17272.7265625,17545.455078125,17227.2734375,17227.2734375,256575
2020-11-26,17227.2734375,17272.7265625,16818.181640625,16818.181640625,85151
2020-11-29,16818.181640625,16818.181640625,16318.181640625,16772.7265625,72589
2020-11-30,16590.908203125,16772.7265625,16545.455078125,16772.7265625,268092
2020-12-01,16727.2734375,16772.7265625,16363.63671875,16409.091796875,43340
2020-12-02,16454.544921875,16545.455078125,16272.7275390625,16272.7275390625,439483
2020-12-03,16454.544921875,16454.544921875,16181.818359375,16227.2724609375,140580
2020-12-06,16363.63671875,16454.544921875,16181.818359375,16227.2724609375,206635
2020-12-07,16363.63671875,16409.091796875,16272.7275390625,16363.63671875,359546
2020-12-08,16409.091796875,17500.0,16409.091796875,17454.544921875,400147
2020-12-09,17545.455078125,18181.818359375,17272.7265625,18181.818359375,519871
2020-12-10,18181.818359375,18363.63671875,17818.181640625,17909.091796875,209847
2020-12-13,17772.7265625,19000.0,17363.63671875,18909.091796875,846538
2020-12-14,18909.091796875,19454.544921875,18590.908203125,18636.36328125,650045
2020-12-15,18636.36328125,18909.091796875,18590.908203125,18636.36328125,504262
2020-12-16,18636.36328125,18636.36328125,18227.2734375,18227.2734375,295328
2020-12-17,18227.2734375,18272.7265625,17909.091796875,18181.818359375,406725
2020-12-20,18181.818359375,18636.36328125,18181.818359375,18363.63671875,338426
2020-12-21,18272.7265625,18363.63671875,17227.2734375,18272.7265625,487135
2020-12-22,18454.544921875,18727.2734375,18363.63671875,18681.818359375,711183
2020-12-23,18863.63671875,19454.544921875,18545.455078125,18909.091796875,409860
2020-12-24,19363.63671875,20227.2734375,19363.63671875,20227.2734375,517990
2020-12-27,21454.544921875,21454.544921875,20272.7265625,20909.091796875,340593
2020-12-28,20727.2734375,20818.181640625,20454.544921875,20772.7265625,147301
2020-12-29,20772.7265625,20772.7265625,20136.36328125,20772.7265625,260458
2020-12-30,20545.455078125,21000.0,20272.7265625,21000.0,137214
2021-01-03,21363.63671875,22090.908203125,21363.63671875,21454.544921875,337920
2021-01-04,21409.091796875,21909.091796875,21000.0,21818.181640625,127050
2021-01-05,21818.181640625,22545.455078125,21818.181640625,22090.908203125,246290
2021-01-06,22181.818359375,22636.36328125,22090.908203125,22136.36328125,169950
2021-01-07,22272.7265625,22545.455078125,21500.0,21727.2734375,158620
2021-01-10,22272.7265625,22363.63671875,21363.63671875,21409.091796875,145860
2021-01-11,21136.36328125,21409.091796875,20727.2734375,20909.091796875,279290
2021-01-12,21363.63671875,21363.63671875,20545.455078125,21000.0,72380
2021-01-13,20727.2734375,20909.091796875,20000.0,20636.36328125,171380
2021-01-14,20636.36328125,21818.181640625,20636.36328125,21272.7265625,155100
2021-01-17,21636.36328125,21681.818359375,20954.544921875,21681.818359375,444400
2021-01-18,21818.181640625,21818.181640625,20181.818359375,20545.455078125,214170
2021-01-19,20090.908203125,20545.455078125,19545.455078125,20545.455078125,82280
2021-01-20,19772.7265625,20545.455078125,19727.2734375,20545.455078125,423170
2021-01-21,20409.091796875,21590.908203125,19136.36328125,21181.818359375,415140
2021-01-24,21181.818359375,21818.181640625,21181.818359375,21636.36328125,1671230
2021-01-25,21818.181640625,21818.181640625,20727.2734375,21590.908203125,768350
2021-01-26,20909.091796875,21545.455078125,20272.7265625,20454.544921875,247610
2021-01-27,19045.455078125,20318.181640625,19045.455078125,19045.455078125,182490
2021-01-28,17818.181640625,19954.544921875,17818.181640625,19545.455078125,271150
2021-01-31,19545.455078125,19545.455078125,18272.7265625,19363.63671875,228360
2021-02-01,19363.63671875,20545.455078125,18454.544921875,20454.544921875,744370
2021-02-02,20454.544921875,20636.36328125,19045.455078125,20363.63671875,240570
2021-02-03,20090.908203125,21272.7265625,19454.544921875,21090.908203125,575410
2021-02-04,19636.36328125,21090.908203125,19636.36328125,21090.908203125,405460
2021-02-07,20454.544921875,20909.091796875,19636.36328125,20272.7265625,318010
2021-02-08,18954.544921875,20000.0,18954.544921875,19954.544921875,184800
2021-02-16,20818.181640625,20818.181640625,19818.181640625,19954.544921875,234630
2021-02-17,19954.544921875,20409.091796875,19454.544921875,20409.091796875,393580
2021-02-18,20409.091796875,21090.908203125,20272.7265625,21090.908203125,393910
2021-02-21,21090.908203125,21090.908203125,20363.63671875,20772.7265625,366190
2021-02-22,20772.7265625,20772.7265625,20090.908203125,20772.7265625,366850
2021-02-23,20772.7265625,20772.7265625,20136.36328125,20454.544921875,465190
2021-02-24,20363.63671875,20363.63671875,19545.455078125,20181.818359375,344080
2021-02-25,19727.2734375,19909.091796875,19181.818359375,19909.091796875,253330
2021-02-28,19909.091796875,19909.091796875,19090.908203125,19454.544921875,236060
2021-03-01,19727.2734375,19727.2734375,18227.2734375,19363.63671875,304920
2021-03-02,19318.181640625,19909.091796875,18909.091796875,19909.091796875,444840
2021-03-03,19954.544921875,19954.544921875,19227.2734375,19636.36328125,326810
2021-03-04,19727.2734375,19727.2734375,18909.091796875,19272.7265625,198880
2021-03-07,19272.7265625,19818.181640625,18772.7265625,19727.2734375,578380
2021-03-08,18909.091796875,19636.36328125,18636.36328125,18727.2734375,448030
2021-03-09,19409.091796875,19636.36328125,18727.2734375,19636.36328125,205040
2021-03-10,19090.908203125,19545.455078125,18636.36328125,19500.0,264550
2021-03-11,19500.0,19545.455078125,18727.2734375,19363.63671875,256740
2021-03-14,18909.091796875,19090.908203125,18545.455078125,19090.908203125,714670
2021-03-15,18636.36328125,19409.091796875,18454.544921875,19409.091796875,341550
2021-03-16,19090.908203125,19090.908203125,18545.455078125,19090.908203125,103400
2021-03-17,18727.2734375,19090.908203125,18363.63671875,19090.908203125,491920
2021-03-18,18727.2734375,18909.091796875,18181.818359375,18727.2734375,604230
2021-03-21,18727.2734375,18772.7265625,18545.455078125,18727.2734375,185350
2021-03-22,18772.7265625,18772.7265625,18227.2734375,18545.455078125,209220
2021-03-23,18500.0,18818.181640625,18045.455078125,18818.181640625,231330
2021-03-24,18272.7265625,18727.2734375,18181.818359375,18727.2734375,103510
2021-03-25,18727.2734375,18727.2734375,17454.544921875,18636.36328125,343750
2021-03-28,18590.908203125,18590.908203125,18363.63671875,18500.0,33000
2021-03-29,18500.0,18500.0,18181.818359375,18181.818359375,58630
2021-03-30,18363.63671875,18363.63671875,18000.0,18090.908203125,88110
2021-03-31,18090.908203125,18272.7265625,17954.544921875,18272.7265625,55330
2021-04-01,18636.36328125,18727.2734375,18227.2734375,18272.7265625,62370
2021-04-04,18272.7265625,18454.544921875,18136.36328125,18227.2734375,25410
2021-04-05,18000.0,18272.7265625,18000.0,18272.7265625,80960
2021-04-06,18181.818359375,18272.7265625,18000.0,18272.7265625,66220
2021-04-07,18363.63671875,18363.63671875,18000.0,18136.36328125,170170
2021-04-08,18181.818359375,18545.455078125,18045.455078125,18545.455078125,51260
2021-04-11,18545.455078125,18590.908203125,18090.908203125,18545.455078125,356620
2021-04-12,18636.36328125,19636.36328125,18454.544921875,19454.544921875,430870
2021-04-13,19272.7265625,19636.36328125,19136.36328125,19590.908203125,448074
2021-04-14,19636.36328125,19636.36328125,18954.544921875,19363.63671875,612260
2021-04-15,19318.181640625,19318.181640625,18545.455078125,18636.36328125,171600
2021-04-18,18545.455078125,18863.63671875,18272.7265625,18818.181640625,75680
2021-04-19,18909.091796875,18909.091796875,18363.63671875,18818.181640625,129140
2021-04-21,18636.36328125,19636.36328125,18227.2734375,19363.63671875,445720
2021-04-22,19090.908203125,19090.908203125,18681.818359375,18727.2734375,1976150
2021-04-25,18727.2734375,18909.091796875,18363.63671875,18909.091796875,225940
2021-04-26,18818.181640625,19181.818359375,18818.181640625,19000.0,331870
2021-04-27,18954.544921875,18954.544921875,18681.818359375,18681.818359375,13970
2021-04-28,18363.63671875,19000.0,18363.63671875,18818.181640625,94490
2021-05-03,18454.544921875,19090.908203125,18363.63671875,19090.908203125,126060
2021-05-04,19545.455078125,20409.091796875,19545.455078125,20409.091796875,1913450
2021-05-05,20727.2734375,21636.36328125,20545.455078125,21636.36328125,1400630
2021-05-06,21636.36328125,22000.0,21363.63671875,21818.181640625,509300
2021-05-09,21636.36328125,22272.7265625,21500.0,22090.908203125,591800
2021-05-10,22000.0,22272.7265625,21500.0,22272.7265625,894740
2021-05-11,22545.455078125,22545.455078125,21818.181640625,22318.181640625,1414490
2021-05-12,22272.7265625,22909.091796875,20772.7265625,22727.2734375,1676290
2021-05-13,22727.2734375,23136.36328125,22409.091796875,23090.908203125,1291950
2021-05-16,23318.181640625,23318.181640625,22454.544921875,23090.908203125,885830
2021-05-17,23090.908203125,23090.908203125,22454.544921875,22818.181640625,841060
2021-05-18,22909.091796875,24363.63671875,22909.091796875,24363.63671875,2053590
2021-05-19,24045.455078125,24863.63671875,24045.455078125,24818.181640625,1117270
2021-05-20,24818.181640625,26181.818359375,24545.455078125,24772.7265625,1598410
2021-05-23,24545.455078125,25181.818359375,24318.181640625,25090.908203125,1304490
2021-05-24,25363.63671875,25863.63671875,25272.7265625,25500.0,1345080
2021-05-25,25636.36328125,26590.908203125,25454.544921875,26590.908203125,1803010
2021-05-26,26454.544921875,27181.818359375,26363.63671875,27181.818359375,1639110
2021-05-27,27181.818359375,27818.181640625,27000.0,27818.181640625,1929840
2021-05-30,27818.181640625,27909.091796875,27272.7265625,27318.181640625,1082510
2021-05-31,27409.091796875,27409.091796875,25863.63671875,26818.181640625,704660
2021-06-01,26363.63671875,26818.181640625,26000.0,26818.181640625,937090
2021-06-02,26818.181640625,26909.091796875,26363.63671875,26818.181640625,749650
2021-06-03,26818.181640625,26818.181640625,26000.0,26681.818359375,1090320
2021-06-06,26681.818359375,26818.181640625,26181.818359375,26363.63671875,454520
2021-06-07,26363.63671875,26363.63671875,24545.455078125,26000.0,580470
2021-06-08,25818.181640625,26090.908203125,24545.455078125,25909.091796875,581350
2021-06-09,25909.091796875,25909.091796875,25227.2734375,25909.091796875,1331220
2021-06-10,25909.091796875,26772.7265625,25727.2734375,26727.2734375,812020
2021-06-13,26772.7265625,26818.181640625,26181.818359375,26500.0,499290
2021-06-14,26500.0,26590.908203125,26000.0,26272.7265625,209550
2021-06-15,26363.63671875,26363.63671875,24636.36328125,26181.818359375,637670
2021-06-16,26090.908203125,26090.908203125,25272.7265625,26000.0,446380
2021-06-17,26000.0,26000.0,25000.0,25636.36328125,364320
2021-06-20,25090.908203125,26272.7265625,25090.908203125,26181.818359375,1139600
2021-06-21,26363.63671875,27045.455078125,26000.0,27000.0,1831500
2021-06-22,27000.0,27227.2734375,27000.0,27227.2734375,1257410
2021-06-23,27181.818359375,27227.2734375,26363.63671875,27045.455078125,972840
2021-06-24,27045.455078125,27181.818359375,26545.455078125,26909.091796875,730070
2021-06-27,26818.181640625,26909.091796875,26000.0,26818.181640625,1147190
2021-06-28,26636.36328125,26818.181640625,25090.908203125,26454.544921875,1263020
2021-06-29,26454.544921875,26636.36328125,25909.091796875,26636.36328125,1153790
2021-06-30,26636.36328125,26818.181640625,26090.908203125,26681.818359375,1193940
2021-07-01,26954.544921875,26954.544921875,26363.63671875,26636.36328125,905960
2021-07-04,26636.36328125,26636.36328125,25863.63671875,25909.091796875,958430
2021-07-05,25909.091796875,26136.36328125,25454.544921875,25772.7265625,771650
2021-07-06,25454.544921875,25727.2734375,24727.2734375,25727.2734375,688820
2021-07-07,25636.36328125,25909.091796875,25545.455078125,25727.2734375,273020
2021-07-08,25727.2734375,25727.2734375,24045.455078125,25545.455078125,829730
2021-07-11,25000.0,25818.181640625,24363.63671875,25272.7265625,749100
2021-07-12,24909.091796875,25363.63671875,24909.091796875,25363.63671875,812680
2021-07-13,25181.818359375,25454.544921875,24500.0,25090.908203125,553410
2021-07-14,24909.091796875,25863.63671875,23727.2734375,25818.181640625,2058100
2021-07-15,25818.181640625,25909.091796875,25363.63671875,25500.0,924440
2021-07-18,25272.7265625,25363.63671875,24090.908203125,24909.091796875,1075250
2021-07-19,24818.181640625,24909.091796875,23681.818359375,24545.455078125,1748010
2021-07-20,24181.818359375,25090.908203125,23636.36328125,25000.0,1209230
2021-07-21,25000.0,26090.908203125,24090.908203125,25909.091796875,1191630
2021-07-22,25636.36328125,26363.63671875,25272.7265625,26181.818359375,1273690
2021-07-25,26000.0,27181.818359375,25363.63671875,27090.908203125,1799930
2021-07-26,27181.818359375,28636.36328125,27181.818359375,28636.36328125,2012780
2021-07-27,28727.2734375,29590.908203125,28727.2734375,29090.908203125,2230030
2021-07-28,29000.0,29590.908203125,28045.455078125,29227.2734375,3034790
2021-07-29,29000.0,30181.818359375,28454.544921875,29636.36328125,2312200
2021-08-01,29545.455078125,29636.36328125,28409.091796875,29090.908203125,2171180
2021-08-02,28818.181640625,29090.908203125,28181.818359375,28863.63671875,1465640
2021-08-03,28863.63671875,29636.36328125,28181.818359375,29454.544921875,2628120
2021-08-04,29090.908203125,29909.091796875,28454.544921875,29818.181640625,1877480
2021-08-05,29818.181640625,29909.091796875,29363.63671875,29818.181640625,1674530
2021-08-08,29818.181640625,29818.181640625,29045.455078125,29454.544921875,1666940
2021-08-09,28727.2734375,29090.908203125,28363.63671875,28363.63671875,1779690
2021-08-10,28181.818359375,28545.455078125,27818.181640625,28545.455078125,1121945
2021-08-11,28545.455078125,28863.63671875,28272.7265625,28772.7265625,1923460
2021-08-12,28772.7265625,29500.0,28545.455078125,29090.908203125,1775510
2021-08-15,29090.908203125,30909.091796875,29090.908203125,30863.63671875,2391180
2021-08-16,31090.908203125,31181.818359375,30363.63671875,30636.36328125,1551660
2021-08-17,30727.2734375,31090.908203125,30727.2734375,30909.091796875,2023670
2021-08-18,30909.091796875,31000.0,30409.091796875,30636.36328125,928510
2021-08-19,30636.36328125,30636.36328125,28636.36328125,29545.455078125,1057320
2021-08-22,29500.0,29545.455078125,28090.908203125,28090.908203125,845900
2021-08-23,28181.818359375,28909.091796875,28090.908203125,28909.091796875,1242230
2021-08-24,29090.908203125,30090.908203125,28818.181640625,30000.0,1904980
2021-08-25,30090.908203125,30272.7265625,29545.455078125,29727.2734375,704770
2021-08-26,29818.181640625,30000.0,29545.455078125,29863.63671875,865810
2021-08-29,29863.63671875,30136.36328125,29545.455078125,30000.0,1156650
2021-08-30,29818.181640625,30000.0,29590.908203125,29818.181640625,572660
2021-08-31,29818.181640625,29954.544921875,28181.818359375,29454.544921875,858220
2021-09-05,29636.36328125,29727.2734375,28454.544921875,28636.36328125,1149280
2021-09-06,28727.2734375,29409.091796875,28272.7265625,29090.908203125,1929730
2021-09-07,29090.908203125,29545.455078125,28727.2734375,29363.63671875,1108580
2021-09-08,29454.544921875,29454.544921875,29090.908203125,29454.544921875,1144220
2021-09-09,29636.36328125,29636.36328125,28727.2734375,28818.181640625,1246740
2021-09-12,28818.181640625,28818.181640625,27727.2734375,28636.36328125,1177550
2021-09-13,28681.818359375,28863.63671875,28545.455078125,28863.63671875,623040
2021-09-14,28909.091796875,28954.544921875,28454.544921875,28545.455078125,587070
2021-09-15,28545.455078125,28727.2734375,27681.818359375,28727.2734375,1629100
2021-09-16,29000.0,29090.908203125,28000.0,28363.63671875,919710
2021-09-19,28000.0,28636.36328125,27272.7265625,28136.36328125,1174250
2021-09-20,28090.908203125,28136.36328125,27363.63671875,28136.36328125,519090
2021-09-21,28045.455078125,28090.908203125,27272.7265625,28000.0,696410
2021-09-22,27727.2734375,28000.0,27272.7265625,27454.544921875,517770
2021-09-23,27545.455078125,27727.2734375,26545.455078125,27727.2734375,1056550
2021-09-26,27909.091796875,28909.091796875,27727.2734375,28818.181640625,1985830
2021-09-27,29090.908203125,29227.2734375,28500.0,28818.181640625,1236290
2021-09-28,28818.181640625,28818.181640625,28181.818359375,28545.455078125,544170
2021-09-29,28545.455078125,28545.455078125,27681.818359375,28363.63671875,964040
2021-09-30,27727.2734375,28272.7265625,27272.7265625,27272.7265625,876370
2021-10-03,27272.7265625,27500.0,25909.091796875,27181.818359375,1963830
2021-10-04,27454.544921875,28181.818359375,27272.7265625,28181.818359375,1166660
2021-10-05,28363.63671875,29090.908203125,27363.63671875,28818.181640625,2007280
2021-10-06,29409.091796875,29454.544921875,28181.818359375,28636.36328125,1483130
2021-10-07,28818.181640625,28818.181640625,27727.2734375,28272.7265625,911900
2021-10-10,28090.908203125,28363.63671875,26818.181640625,27954.544921875,1495560
2021-10-11,27954.544921875,28045.455078125,27272.7265625,27909.091796875,859210
2021-10-12,27363.63671875,27954.544921875,27363.63671875,27409.091796875,454410
2021-10-13,27545.455078125,27636.36328125,27318.181640625,27409.091796875,393250
2021-10-14,27454.544921875,27454.544921875,26272.7265625,26363.63671875,1828420
2021-10-17,26454.544921875,27000.0,26363.63671875,26909.091796875,1405910
2021-10-18,26863.63671875,26909.091796875,26363.63671875,26909.091796875,697620
2021-10-19,27227.2734375,27227.2734375,26318.181640625,26545.455078125,848980
2021-10-20,26545.455078125,26636.36328125,25454.544921875,26545.455078125,1324950
2021-10-21,26454.544921875,26545.455078125,25454.544921875,25772.7265625,1479610
2021-10-24,26272.7265625,26363.63671875,25454.544921875,26363.63671875,1190310
2021-10-25,26363.63671875,26454.544921875,25272.7265625,26363.63671875,1285240
2021-10-26,26363.63671875,26363.63671875,25318.181640625,25954.544921875,1346840
2021-10-27,26000.0,26090.908203125,25000.0,25818.181640625,2478190
2021-10-28,25818.181640625,25818.181640625,24272.7265625,24545.455078125,3262270
2021-10-31,24545.455078125,25818.181640625,24545.455078125,25045.455078125,1143560
2021-11-01,25045.455078125,25454.544921875,24727.2734375,25000.0,658570
2021-11-02,25090.908203125,25090.908203125,24363.63671875,24363.63671875,1325610
2021-11-03,24363.63671875,24545.455078125,23909.091796875,24363.63671875,594880
2021-11-04,24454.544921875,25363.63671875,24409.091796875,25227.2734375,814110
2021-11-07,25727.2734375,26818.181640625,25590.908203125,26681.818359375,2244330
2021-11-08,27000.0,27090.908203125,26000.0,26136.36328125,1119140
2021-11-09,26045.455078125,26636.36328125,25727.2734375,26363.63671875,677050
2021-11-10,26454.544921875,26454.544921875,25454.544921875,25818.181640625,1067660
2021-11-11,25818.181640625,26181.818359375,25545.455078125,26000.0,583550
2021-11-14,26000.0,26272.7265625,25863.63671875,26045.455078125,879670
2021-11-15,26045.455078125,26090.908203125,25636.36328125,25772.7265625,697950
2021-11-16,25818.181640625,25818.181640625,25409.091796875,25454.544921875,624800
2021-11-17,25363.63671875,25454.544921875,24772.7265625,24909.091796875,865370
2021-11-18,24636.36328125,25454.544921875,24545.455078125,24681.818359375,642730
2021-11-21,24681.818359375,25272.7265625,24409.091796875,24409.091796875,424380
2021-11-22,24409.091796875,24727.2734375,24363.63671875,24727.2734375,333850
2021-11-23,24909.091796875,25363.63671875,24727.2734375,24818.181640625,348260
2021-11-24,24909.091796875,25863.63671875,24909.091796875,25727.2734375,957990
2021-11-25,25909.091796875,25909.091796875,25000.0,25090.908203125,380380
2021-11-28,24545.455078125,24863.63671875,24454.544921875,24681.818359375,475310
2021-11-29,25272.7265625,25272.7265625,24545.455078125,24681.818359375,419100
2021-11-30,25272.7265625,25272.7265625,24545.455078125,24772.7265625,282810
2021-12-01,24545.455078125,25090.908203125,24545.455078125,24727.2734375,262680
2021-12-02,24909.091796875,24909.091796875,23636.36328125,23636.36328125,544280
2021-12-05,23636.36328125,23772.7265625,22000.0,22000.0,836550
2021-12-06,22090.908203125,22545.455078125,22000.0,22318.181640625,351560
2021-12-07,22454.544921875,22636.36328125,22090.908203125,22272.7265625,231220
2021-12-08,22272.7265625,22954.544921875,22181.818359375,22772.7265625,245410
2021-12-09,22954.544921875,23181.818359375,22772.7265625,22772.7265625,180290
2021-12-12,22772.7265625,22954.544921875,22545.455078125,22818.181640625,257290
2021-12-13,22818.181640625,24181.818359375,22545.455078125,23409.091796875,408650
2021-12-14,24000.0,24000.0,23363.63671875,23454.544921875,120450
2021-12-15,23409.091796875,23454.544921875,22954.544921875,23136.36328125,248930
2021-12-16,22954.544921875,23090.908203125,22727.2734375,22863.63671875,319000
2021-12-19,22863.63671875,22909.091796875,22272.7265625,22409.091796875,312730
2021-12-20,22272.7265625,22681.818359375,22181.818359375,22318.181640625,198000
2021-12-21,22272.7265625,22454.544921875,21818.181640625,21818.181640625,454300
2021-12-22,22272.7265625,22727.2734375,21727.2734375,21863.63671875,341000
2021-12-23,21863.63671875,22000.0,21727.2734375,21818.181640625,202400
2021-12-26,21818.181640625,22090.908203125,21772.7265625,21772.7265625,138490
2021-12-27,21818.181640625,22000.0,21545.455078125,21636.36328125,366520
2021-12-28,21636.36328125,22818.181640625,21636.36328125,22363.63671875,422950
2021-12-29,23090.908203125,23090.908203125,22181.818359375,22409.091796875,198550
2021-12-30,22318.181640625,22727.2734375,20909.091796875,22090.908203125,182490
2022-01-03,22318.181640625,22318.181640625,21954.544921875,22045.455078125,341110
2022-01-04,22045.455078125,22545.455078125,22000.0,22090.908203125,187440
2022-01-05,22090.908203125,22090.908203125,21818.181640625,21818.181640625,246180
2022-01-06,21363.63671875,21954.544921875,21363.63671875,21545.455078125,385000
2022-01-09,21363.63671875,21545.455078125,21090.908203125,21090.908203125,402930
2022-01-10,21500.0,21500.0,20818.181640625,20909.091796875,302170
2022-01-11,20863.63671875,21181.818359375,20000.0,20181.818359375,632280
2022-01-12,20181.818359375,20318.181640625,19545.455078125,19636.36328125,475310
2022-01-13,19636.36328125,19727.2734375,19090.908203125,19454.544921875,190520
2022-01-16,20772.7265625,20772.7265625,19318.181640625,19318.181640625,265540
2022-01-17,18863.63671875,19590.908203125,18636.36328125,19136.36328125,171490
2022-01-18,18818.181640625,19318.181640625,18818.181640625,18863.63671875,259600
2022-01-19,18727.2734375,19363.63671875,18727.2734375,19272.7265625,389840
2022-01-20,19681.818359375,19727.2734375,19181.818359375,19409.091796875,284790
2022-01-23,19181.818359375,19181.818359375,18136.36328125,18136.36328125,229020
2022-01-24,18045.455078125,18045.455078125,17181.818359375,17590.908203125,286000
2022-01-25,17727.2734375,17727.2734375,17272.7265625,17272.7265625,135850
2022-01-26,17363.63671875,17363.63671875,16636.36328125,17000.0,134970
2022-01-27,16863.63671875,17272.7265625,16818.181640625,17272.7265625,82170
2022-02-06,18454.544921875,18454.544921875,17727.2734375,18272.7265625,123640
2022-02-07,18681.818359375,18681.818359375,18363.63671875,18363.63671875,120560
2022-02-08,18363.63671875,18454.544921875,18227.2734375,18318.181640625,122760
2022-02-09,18636.36328125,18909.091796875,18500.0,18727.2734375,151470
2022-02-10,18681.818359375,20000.0,18636.36328125,20000.0,707300
2022-02-13,20454.544921875,21363.63671875,20000.0,21181.818359375,814990
2022-02-14,21181.818359375,21363.63671875,20545.455078125,20636.36328125,502700
2022-02-15,20545.455078125,20545.455078125,20227.2734375,20409.091796875,532620
2022-02-16,20818.181640625,21363.63671875,20090.908203125,20818.181640625,186780
2022-02-17,20818.181640625,20818.181640625,20272.7265625,20318.181640625,204820
2022-02-20,20045.455078125,20727.2734375,19909.091796875,20318.181640625,220440
2022-02-21,20318.181640625,20454.544921875,20000.0,20090.908203125,161590
2022-02-22,20090.908203125,20545.455078125,20000.0,20181.818359375,133430
2022-02-23,20454.544921875,20818.181640625,19272.7265625,20500.0,597080
2022-02-24,20500.0,21409.091796875,20500.0,21181.818359375,725670
2022-02-27,21272.7265625,21818.181640625,20909.091796875,21272.7265625,501050
2022-02-28,21363.63671875,21545.455078125,20590.908203125,20727.2734375,515790
2022-03-01,20727.2734375,20727.2734375,20000.0,20181.818359375,460790
2022-03-02,20181.818359375,20454.544921875,19909.091796875,20454.544921875,363330
2022-03-03,20909.091796875,20909.091796875,20227.2734375,20500.0,241560
2022-03-06,20500.0,20681.818359375,20181.818359375,20409.091796875,300410
2022-03-07,20090.908203125,20500.0,20090.908203125,20227.2734375,271260
2022-03-08,20227.2734375,20454.544921875,19636.36328125,20000.0,306570
2022-03-09,20181.818359375,20454.544921875,19863.63671875,20272.7265625,264220
2022-03-10,20090.908203125,20272.7265625,19818.181640625,19818.181640625,270050
2022-03-13,19818.181640625,19954.544921875,19272.7265625,19272.7265625,233530
2022-03-14,19090.908203125,19227.2734375,19000.0,19000.0,360140
2022-03-15,19090.908203125,19363.63671875,19000.0,19090.908203125,166100
2022-03-16,19181.818359375,19409.091796875,19045.455078125,19272.7265625,98010
2022-03-17,19363.63671875,19363.63671875,19045.455078125,19090.908203125,278410
2022-03-20,19090.908203125,19272.7265625,19045.455078125,19136.36328125,271920
2022-03-21,19181.818359375,19272.7265625,19136.36328125,19272.7265625,181500
2022-03-22,19227.2734375,20000.0,19136.36328125,20000.0,465850
2022-03-23,20090.908203125,21090.908203125,20090.908203125,20636.36328125,575960
2022-03-24,20454.544921875,20545.455078125,20181.818359375,20272.7265625,201520
2022-03-27,20090.908203125,20136.36328125,19545.455078125,19954.544921875,318450
2022-03-28,19818.181640625,20909.091796875,19636.36328125,20863.63671875,523270
2022-03-29,20909.091796875,21727.2734375,20909.091796875,21454.544921875,968880
2022-03-30,21590.908203125,21636.36328125,20909.091796875,20909.091796875,296120
2022-03-31,20909.091796875,21363.63671875,20681.818359375,21181.818359375,310200
2022-04-03,21181.818359375,21363.63671875,21000.0,21227.2734375,366300
2022-04-04,21363.63671875,22136.36328125,21090.908203125,22000.0,939400
2022-04-05,21818.181640625,22636.36328125,21818.181640625,22363.63671875,537570
2022-04-06,22272.7265625,22272.7265625,21818.181640625,21954.544921875,341660
2022-04-07,21545.455078125,21863.63671875,20727.2734375,21227.2734375,479270
2022-04-11,20909.091796875,20954.544921875,19772.7265625,19772.7265625,560890
2022-04-12,19136.36328125,19863.63671875,18636.36328125,19863.63671875,319660
2022-04-13,20000.0,20000.0,19272.7265625,19363.63671875,203170
2022-04-14,19409.091796875,19409.091796875,18909.091796875,18909.091796875,197230
2022-04-17,18954.544921875,18954.544921875,17727.2734375,17954.544921875,257950
2022-04-18,17954.544921875,18590.908203125,16863.63671875,16954.544921875,276760
2022-04-19,16954.544921875,17909.091796875,15772.7275390625,17000.0,274120
2022-04-20,16409.091796875,17636.36328125,16409.091796875,17500.0,157960
2022-04-21,17681.818359375,18318.181640625,17272.7265625,17818.181640625,168080
2022-04-24,18000.0,18000.0,16590.908203125,16590.908203125,211640
2022-04-25,16590.908203125,17272.7265625,15500.0,17272.7265625,167640
2022-04-26,17272.7265625,17272.7265625,16727.2734375,17272.7265625,93830
2022-04-27,17363.63671875,17363.63671875,17000.0,17045.455078125,79530
2022-04-28,16863.63671875,17545.455078125,16863.63671875,17318.181640625,82500
2022-05-03,17272.7265625,17272.7265625,16363.63671875,16363.63671875,188980
2022-05-04,16409.091796875,16545.455078125,15636.36328125,16090.9091796875,221430
2022-05-05,15909.0908203125,16090.9091796875,15272.7275390625,15272.7275390625,185130
2022-05-08,14363.63671875,14954.5458984375,14227.2724609375,14227.2724609375,326370
2022-05-09,13363.63671875,13636.36328125,13272.7275390625,13409.0908203125,429000
2022-05-10,13363.63671875,14090.9091796875,13363.63671875,13909.0908203125,170280
2022-05-11,13590.9091796875,13772.7275390625,12954.5458984375,12954.5458984375,138380
2022-05-12,12136.36328125,12727.2724609375,12090.9091796875,12090.9091796875,263010
2022-05-15,12136.36328125,12909.0908203125,12136.36328125,12272.7275390625,259820
2022-05-16,12727.2724609375,12818.181640625,12181.818359375,12727.2724609375,278190
2022-05-17,13090.9091796875,13181.818359375,12727.2724609375,13000.0,169620
2022-05-18,12681.818359375,13636.36328125,12590.9091796875,12954.5458984375,180950
2022-05-19,13000.0,13136.36328125,12818.181640625,12954.5458984375,76010
2022-05-22,12954.5458984375,12954.5458984375,12590.9091796875,12727.2724609375,112750
2022-05-23,12727.2724609375,12818.181640625,12454.5458984375,12590.9091796875,78650
2022-05-24,12636.36328125,12909.0908203125,12545.4541015625,12909.0908203125,142230
2022-05-25,13272.7275390625,13772.7275390625,13181.818359375,13772.7275390625,424490
2022-05-26,14000.0,14500.0,13909.0908203125,14181.818359375,142230
2022-05-29,14909.0908203125,14909.0908203125,14090.9091796875,14090.9091796875,101750
2022-05-30,13681.818359375,13818.181640625,13590.9091796875,13590.9091796875,215820
2022-05-31,13636.36328125,13727.2724609375,13272.7275390625,13272.7275390625,127820
2022-06-01,13363.63671875,13545.4541015625,13090.9091796875,13272.7275390625,88110
2022-06-02,13181.818359375,13409.0908203125,13136.36328125,13227.2724609375,69630
2022-06-05,13318.181640625,13318.181640625,12863.63671875,12863.63671875,100650
2022-06-06,12909.0908203125,13136.36328125,12818.181640625,13090.9091796875,218790
2022-06-07,13181.818359375,13772.7275390625,13181.818359375,13590.9091796875,170390
2022-06-08,13545.4541015625,13636.36328125,13454.5458984375,13545.4541015625,55990
2022-06-09,13272.7275390625,13500.0,12818.181640625,12909.0908203125,88550
2022-06-12,12636.36328125,12727.2724609375,12181.818359375,12227.2724609375,233970
2022-06-13,12000.0,12045.4541015625,11818.181640625,11818.181640625,144430
2022-06-14,11772.7275390625,11909.0908203125,11000.0,11181.818359375,142670
2022-06-15,11181.818359375,11500.0,11181.818359375,11227.2724609375,82280
2022-06-16,10545.4541015625,11227.2724609375,10454.5458984375,10454.5458984375,235840
2022-06-19,10454.5458984375,10454.5458984375,9727.2724609375,9727.2724609375,170610
2022-06-20,9181.818359375,9727.2724609375,9072.7275390625,9072.7275390625,137280
2022-06-21,9181.818359375,9681.818359375,9181.818359375,9681.818359375,827970
2022-06-22,10000.0,10318.181640625,9681.818359375,10272.7275390625,88110
2022-06-23,10363.63671875,10681.818359375,9954.5458984375,9954.5458984375,61600
2022-06-26,9909.0908203125,10500.0,9909.0908203125,10272.7275390625,779900
2022-06-27,10636.36328125,10636.36328125,10090.9091796875,10363.63671875,63580
2022-06-28,10363.63671875,10772.7275390625,10318.181640625,10545.4541015625,70730
2022-06-29,10545.4541015625,10636.36328125,10227.2724609375,10363.63671875,49170
2022-06-30,10227.2724609375,10363.63671875,9909.0908203125,10318.181640625,111100
2022-07-03,10363.63671875,10772.7275390625,10363.63671875,10590.9091796875,60610
2022-07-04,10772.7275390625,10772.7275390625,10363.63671875,10545.4541015625,50050
2022-07-05,10136.36328125,10500.0,9909.0908203125,10000.0,72270
2022-07-06,10000.0,10045.4541015625,9727.2724609375,10000.0,54450
2022-07-07,10000.0,10363.63671875,9954.5458984375,10000.0,103950
2022-07-10,10000.0,10272.7275390625,10000.0,10090.9091796875,129030
2022-07-11,10272.7275390625,10500.0,10136.36328125,10409.0908203125,145310
2022-07-12,10545.4541015625,11045.4541015625,10409.0908203125,10818.181640625,233200
2022-07-13,10772.7275390625,11000.0,10454.5458984375,10772.7275390625,135300
2022-07-14,10818.181640625,11000.0,10772.7275390625,10863.63671875,217910
2022-07-17,10909.0908203125,11454.5458984375,10909.0908203125,11181.818359375,359260
2022-07-18,11000.0,11272.7275390625,10818.181640625,11090.9091796875,98450
2022-07-19,11318.181640625,11409.0908203125,11090.9091796875,11181.818359375,148280
2022-07-20,11181.818359375,11181.818359375,10818.181640625,10909.0908203125,181280
2022-07-21,10909.0908203125,11045.4541015625,10818.181640625,10818.181640625,67980
2022-07-24,11000.0,11000.0,10681.818359375,10772.7275390625,112970
2022-07-25,10681.818359375,10818.181640625,10636.36328125,10681.818359375,79090
2022-07-26,10454.5458984375,10590.9091796875,10363.63671875,10454.5458984375,91960
2022-07-27,10545.4541015625,10909.0908203125,10545.4541015625,10727.2724609375,207570
2022-07-28,10772.7275390625,10863.63671875,10636.36328125,10727.2724609375,39600
2022-07-31,10909.0908203125,10909.0908203125,10636.36328125,10909.0908203125,237270
2022-08-01,10954.5458984375,11454.5458984375,10954.5458984375,11454.5458984375,377080
2022-08-02,11454.5458984375,11636.36328125,11272.7275390625,11409.0908203125,152900
2022-08-03,11454.5458984375,11454.5458984375,11136.36328125,11227.2724609375,184580
2022-08-04,11227.2724609375,11318.181640625,11045.4541015625,11272.7275390625,166100
2022-08-07,11545.4541015625,11590.9091796875,11363.63671875,11500.0,198660
2022-08-08,11545.4541015625,11818.181640625,11500.0,11636.36328125,253660
2022-08-09,11727.2724609375,11818.181640625,11545.4541015625,11636.36328125,151470
2022-08-10,11727.2724609375,12409.0908203125,11681.818359375,12272.7275390625,632720
2022-08-11,12136.36328125,12181.818359375,11727.2724609375,12136.36328125,224840
2022-08-14,12181.818359375,12181.818359375,11863.63671875,12090.9091796875,145090
2022-08-15,12045.4541015625,12181.818359375,11909.0908203125,11909.0908203125,165660
2022-08-16,11818.181640625,12000.0,11818.181640625,11818.181640625,192500
2022-08-17,11818.181640625,12000.0,11727.2724609375,11727.2724609375,248270
2022-08-18,11727.2724609375,12181.818359375,11590.9091796875,11772.7275390625,218460
2022-08-21,11772.7275390625,12090.9091796875,11590.9091796875,11772.7275390625,255970
2022-08-22,11500.0,11909.0908203125,11500.0,11909.0908203125,97680
2022-08-23,11954.5458984375,12454.5458984375,11818.181640625,12409.0908203125,416680
2022-08-24,12454.5458984375,12727.2724609375,12272.7275390625,12318.181640625,312290
2022-08-25,12318.181640625,12545.4541015625,12045.4541015625,12227.2724609375,178970
2022-08-28,11818.181640625,11909.0908203125,11636.36328125,11727.2724609375,389510
2022-08-29,12045.4541015625,12136.36328125,11818.181640625,11863.63671875,117590
2022-08-30,11818.181640625,12045.4541015625,11818.181640625,11909.0908203125,46090
2022-09-04,11818.181640625,12000.0,11772.7275390625,11863.63671875,104060
2022-09-05,11818.181640625,11954.5458984375,11772.7275390625,11954.5458984375,102300
2022-09-06,11818.181640625,11954.5458984375,11181.818359375,11181.818359375,188430
2022-09-07,11454.5458984375,11545.4541015625,11181.818359375,11363.63671875,200310
2022-09-08,11227.2724609375,11500.0,11181.818359375,11409.0908203125,78210
2022-09-11,11545.4541015625,11681.818359375,11363.63671875,11454.5458984375,83930
2022-09-12,11454.5458984375,11954.5458984375,11409.0908203125,11727.2724609375,220220
2022-09-13,11545.4541015625,11681.818359375,11454.5458984375,11636.36328125,162030
2022-09-14,11636.36328125,11681.818359375,11545.4541015625,11545.4541015625,62150
2022-09-15,11454.5458984375,11500.0,11227.2724609375,11272.7275390625,143000
2022-09-18,11272.7275390625,11363.63671875,10954.5458984375,11000.0,228910
2022-09-19,11000.0,11090.9091796875,10772.7275390625,10909.0908203125,100320
2022-09-20,10909.0908203125,11000.0,10772.7275390625,10909.0908203125,44110
2022-09-21,10909.0908203125,11363.63671875,10727.2724609375,11181.818359375,290730
2022-09-22,11181.818359375,11454.5458984375,11045.4541015625,11272.7275390625,45210
2022-09-25,11272.7275390625,11272.7275390625,10727.2724609375,10818.181640625,128920
2022-09-26,10681.818359375,10863.63671875,10681.818359375,10681.818359375,71610
2022-09-27,10681.818359375,10772.7275390625,10545.4541015625,10727.2724609375,66110
2022-09-28,11227.2724609375,11227.2724609375,10727.2724609375,10772.7275390625,156420
2022-09-29,10363.63671875,11090.9091796875,10363.63671875,11090.9091796875,230010
2022-10-02,11318.181640625,11318.181640625,10318.181640625,10318.181640625,92290
2022-10-03,10909.0908203125,10909.0908203125,10318.181640625,10363.63671875,67540
2022-10-04,10500.0,10727.2724609375,10500.0,10500.0,21890
2022-10-05,10454.5458984375,10636.36328125,10318.181640625,10500.0,71610
2022-10-06,10500.0,10500.0,9772.7275390625,9818.181640625,201960
2022-10-09,9772.7275390625,10000.0,9272.7275390625,9954.5458984375,44440
2022-10-10,10045.4541015625,10045.4541015625,9272.7275390625,9545.4541015625,63690
2022-10-11,9090.9091796875,9818.181640625,9090.9091796875,9590.9091796875,29260
2022-10-12,9545.4541015625,9818.181640625,9454.5458984375,9681.818359375,34650
2022-10-13,9772.7275390625,10272.7275390625,9772.7275390625,9772.7275390625,38830
2022-10-16,9954.5458984375,9954.5458984375,9681.818359375,9727.2724609375,176550
2022-10-17,10000.0,10090.9091796875,9818.181640625,10000.0,30910
2022-10-18,9727.2724609375,10000.0,9727.2724609375,9863.63671875,8470
2022-10-19,9818.181640625,9954.5458984375,9727.2724609375,9727.2724609375,10890
2022-10-20,9818.181640625,9909.0908203125,9054.5458984375,9063.63671875,82280
2022-10-23,9090.9091796875,9136.36328125,8727.2724609375,9018.181640625,71280
2022-10-24,9000.0,9018.181640625,8390.9091796875,8727.2724609375,144650
2022-10-25,8736.36328125,8900.0,8527.2724609375,8727.2724609375,27060
2022-10-26,8309.0908203125,9036.36328125,8118.181640625,8763.63671875,99220
2022-10-27,8772.7275390625,8990.9091796875,8636.36328125,8790.9091796875,56760
2022-10-30,8936.36328125,8981.818359375,8572.7275390625,8800.0,53240
2022-10-31,8663.63671875,8945.4541015625,8454.5458984375,8454.5458984375,90530
2022-11-01,8454.5458984375,8781.818359375,8290.9091796875,8290.9091796875,101420
2022-11-02,8145.45458984375,8272.7275390625,8072.72705078125,8072.72705078125,129690
2022-11-03,8054.54541015625,8363.63671875,7818.181640625,8154.54541015625,85910
2022-11-06,8154.54541015625,8154.54541015625,7727.27294921875,7727.27294921875,85690
2022-11-07,7709.0908203125,7909.0908203125,7600.0,7727.27294921875,94380
2022-11-08,8136.36376953125,8136.36376953125,7736.36376953125,7900.0,16830
2022-11-09,7890.9091796875,7890.9091796875,7354.54541015625,7354.54541015625,103400
2022-11-10,7027.27294921875,7636.36376953125,7027.27294921875,7318.181640625,54340
2022-11-13,7445.45458984375,7445.45458984375,6809.0908203125,6809.0908203125,61820
2022-11-14,6409.0908203125,6818.181640625,6336.36376953125,6336.36376953125,151030
2022-11-15,5900.0,6772.72705078125,5900.0,6772.72705078125,170280
2022-11-16,7172.72705078125,7172.72705078125,6363.63623046875,7018.181640625,94380
2022-11-17,7045.45458984375,7263.63623046875,6872.72705078125,7263.63623046875,86460
2022-11-20,7709.0908203125,7709.0908203125,7318.181640625,7581.818359375,62150
2022-11-21,7309.0908203125,7709.0908203125,7272.72705078125,7436.36376953125,123860
2022-11-22,7281.818359375,7527.27294921875,7181.818359375,7181.818359375,38830
2022-11-23,7190.9091796875,7309.0908203125,7090.9091796875,7263.63623046875,20790
2022-11-24,7309.0908203125,7681.818359375,7290.9091796875,7472.72705078125,77220
2022-11-27,7818.181640625,7954.54541015625,7390.9091796875,7945.45458984375,134750
2022-11-28,8100.0,8363.63671875,7954.54541015625,8181.818359375,132770
2022-11-29,8181.818359375,8409.0908203125,8000.0,8363.63671875,119900
2022-11-30,8409.0908203125,8681.818359375,8200.0,8445.4541015625,209770
2022-12-01,8163.63623046875,8500.0,8163.63623046875,8500.0,79420
2022-12-04,8363.63671875,8636.36328125,8363.63671875,8363.63671875,219670
2022-12-05,8281.818359375,8590.9091796875,8100.0,8200.0,183150
2022-12-06,8200.0,8200.0,7818.181640625,8000.0,120670
2022-12-07,8000.0,8263.63671875,7954.54541015625,8090.9091796875,99440
2022-12-08,8090.9091796875,8090.9091796875,7927.27294921875,7927.27294921875,86240
2022-12-11,8181.818359375,8181.818359375,7927.27294921875,8027.27294921875,392700
2022-12-12,8027.27294921875,8181.818359375,8000.0,8090.9091796875,66110
2022-12-13,8090.9091796875,8363.63671875,8090.9091796875,8181.818359375,62810
2022-12-14,8254.5458984375,8754.5458984375,8236.36328125,8754.5458984375,413490
2022-12-15,9045.4541015625,9363.63671875,8818.181640625,9363.63671875,342100
2022-12-18,9954.5458984375,10000.0,9227.2724609375,9363.63671875,282700
2022-12-19,9181.818359375,9181.818359375,8772.7275390625,9063.63671875,350020
2022-12-20,8681.818359375,9227.2724609375,8681.818359375,8890.9091796875,221100
2022-12-21,8918.181640625,9136.36328125,8909.0908203125,9027.2724609375,43890
2022-12-22,9027.2724609375,9027.2724609375,8854.5458984375,8990.9091796875,41030
2022-12-25,8954.5458984375,8954.5458984375,8363.63671875,8363.63671875,162030
2022-12-26,8281.818359375,8727.2724609375,8100.0,8590.9091796875,105600
2022-12-27,8590.9091796875,8818.181640625,8463.63671875,8545.4541015625,56540
2022-12-28,8545.4541015625,8790.9091796875,8545.4541015625,8681.818359375,59730
2022-12-29,8727.2724609375,8727.2724609375,8590.9091796875,8636.36328125,25410
2023-01-02,8809.0908203125,9181.818359375,8681.818359375,9181.818359375,114400
2023-01-03,9363.63671875,9454.5458984375,9090.9091796875,9181.818359375,76120
2023-01-04,9272.7275390625,9272.7275390625,9045.4541015625,9181.818359375,89870
2023-01-05,9136.36328125,9545.4541015625,9090.9091796875,9136.36328125,89760
2023-01-08,9181.818359375,9363.63671875,9136.36328125,9363.63671875,96360
2023-01-09,9090.9091796875,9363.63671875,9090.9091796875,9318.181640625,58630
2023-01-10,9500.0,9500.0,9181.818359375,9318.181640625,62480
2023-01-11,9272.7275390625,9318.181640625,9090.9091796875,9181.818359375,92400
2023-01-12,9181.818359375,9545.4541015625,9136.36328125,9454.5458984375,178090
2023-01-15,9454.5458984375,9636.36328125,9318.181640625,9454.5458984375,39050
2023-01-16,9590.9091796875,9590.9091796875,9409.0908203125,9500.0,56430
2023-01-17,9545.4541015625,9818.181640625,9181.818359375,9772.7275390625,177540
2023-01-18,9772.7275390625,10000.0,9772.7275390625,9818.181640625,63910
2023-01-26,9818.181640625,10181.818359375,9818.181640625,9909.0908203125,179740
2023-01-29,9909.0908203125,9954.5458984375,9454.5458984375,9727.2724609375,90200
2023-01-30,9727.2724609375,9727.2724609375,9363.63671875,9727.2724609375,162910
2023-01-31,9727.2724609375,9954.5458984375,9181.818359375,9500.0,273680
2023-02-01,9272.7275390625,9500.0,9272.7275390625,9500.0,82720
2023-02-02,9500.0,9590.9091796875,9272.7275390625,9545.4541015625,111540
2023-02-05,9500.0,9545.4541015625,9181.818359375,9454.5458984375,83930
2023-02-06,9545.4541015625,9727.2724609375,9409.0908203125,9545.4541015625,205040
2023-02-07,9363.63671875,9818.181640625,9363.63671875,9772.7275390625,210980
2023-02-08,9909.0908203125,9909.0908203125,9545.4541015625,9909.0908203125,144100
2023-02-09,9636.36328125,9863.63671875,9636.36328125,9727.2724609375,142230
2023-02-12,9545.4541015625,9772.7275390625,9181.818359375,9363.63671875,328350
2023-02-13,9363.63671875,9545.4541015625,9181.818359375,9545.4541015625,132550
2023-02-14,9454.5458984375,9681.818359375,9363.63671875,9545.4541015625,131560
2023-02-15,9681.818359375,9681.818359375,9545.4541015625,9636.36328125,92290
2023-02-16,9545.4541015625,9636.36328125,9500.0,9545.4541015625,33550
2023-02-19,9545.4541015625,9727.2724609375,9500.0,9727.2724609375,99000
2023-02-20,9772.7275390625,9772.7275390625,9500.0,9545.4541015625,103180
2023-02-21,9409.0908203125,9636.36328125,9318.181640625,9545.4541015625,186560
2023-02-22,9590.9091796875,9590.9091796875,9454.5458984375,9545.4541015625,89100
2023-02-23,9454.5458984375,9636.36328125,9454.5458984375,9590.9091796875,70730
2023-02-26,9545.4541015625,9545.4541015625,9090.9091796875,9363.63671875,209550
2023-02-27,9363.63671875,9454.5458984375,9181.818359375,9318.181640625,57640
2023-02-28,9409.0908203125,9500.0,9363.63671875,9500.0,26730
2023-03-01,9409.0908203125,9590.9091796875,9363.63671875,9454.5458984375,72160
2023-03-02,9454.5458984375,9590.9091796875,9363.63671875,9454.5458984375,18040
2023-03-05,9409.0908203125,9454.5458984375,9409.0908203125,9454.5458984375,50710
2023-03-06,9454.5458984375,9545.4541015625,9409.0908203125,9454.5458984375,33660
2023-03-07,9454.5458984375,9500.0,9363.63671875,9500.0,42680
2023-03-08,9454.5458984375,9590.9091796875,9454.5458984375,9545.4541015625,59510
2023-03-09,9363.63671875,9545.4541015625,9363.63671875,9409.0908203125,28820
2023-03-12,9318.181640625,9454.5458984375,9181.818359375,9454.5458984375,17380
2023-03-13,9272.7275390625,9363.63671875,9227.2724609375,9318.181640625,71610
2023-03-14,9318.181640625,9500.0,9272.7275390625,9500.0,66990
2023-03-15,9363.63671875,9500.0,9318.181640625,9500.0,20240
2023-03-16,9545.4541015625,9545.4541015625,9363.63671875,9363.63671875,177320
2023-03-19,9090.9091796875,9409.0908203125,9090.9091796875,9227.2724609375,91190
2023-03-20,9136.36328125,9363.63671875,9136.36328125,9181.818359375,32340
2023-03-21,9181.818359375,9272.7275390625,9181.818359375,9227.2724609375,36300
2023-03-22,9181.818359375,9272.7275390625,9090.9091796875,9227.2724609375,35420
2023-03-23,9227.2724609375,9227.2724609375,9090.9091796875,9090.9091796875,44440
2023-03-26,9272.7275390625,9272.7275390625,9054.5458984375,9090.9091796875,39600
2023-03-27,9090.9091796875,9136.36328125,9054.5458984375,9090.9091796875,178420
2023-03-28,9090.9091796875,9272.7275390625,9090.9091796875,9227.2724609375,76010
2023-03-29,9272.7275390625,9272.7275390625,9181.818359375,9227.2724609375,51260
2023-03-30,9136.36328125,9227.2724609375,9090.9091796875,9227.2724609375,241890
2023-04-02,9227.2724609375,9318.181640625,9181.818359375,9227.2724609375,97900
2023-04-03,9227.2724609375,9636.36328125,9227.2724609375,9590.9091796875,166540
2023-04-04,9409.0908203125,9681.818359375,9409.0908203125,9636.36328125,122100
2023-04-05,9727.2724609375,10272.7275390625,9636.36328125,10181.818359375,309100
2023-04-06,10181.818359375,10590.9091796875,10000.0,10227.2724609375,190850
2023-04-09,10227.2724609375,10227.2724609375,10000.0,10045.4541015625,71060
2023-04-10,10090.9091796875,10318.181640625,10045.4541015625,10227.2724609375,114840
2023-04-11,10454.5458984375,10454.5458984375,10181.818359375,10227.2724609375,58410
2023-04-12,10227.2724609375,10227.2724609375,9909.0908203125,10136.36328125,202070
2023-04-13,10000.0,10181.818359375,9863.63671875,10090.9091796875,44770
2023-04-16,10090.9091796875,10136.36328125,9909.0908203125,10090.9091796875,104280
2023-04-17,10090.9091796875,10136.36328125,9863.63671875,10090.9091796875,73040
2023-04-18,10272.7275390625,10272.7275390625,10000.0,10090.9091796875,96800
2023-04-19,10045.4541015625,10227.2724609375,10045.4541015625,10136.36328125,24200
2023-04-20,10045.4541015625,10545.4541015625,10045.4541015625,10454.5458984375,222750
2023-04-23,10454.5458984375,11181.818359375,10454.5458984375,11181.818359375,371910
2023-04-24,11863.63671875,11909.0908203125,10863.63671875,11000.0,345840
2023-04-25,11136.36328125,11272.7275390625,10772.7275390625,11045.4541015625,224620
2023-04-26,11045.4541015625,11272.7275390625,11045.4541015625,11181.818359375,143110
2023-04-27,11363.63671875,11363.63671875,11136.36328125,11227.2724609375,260370
2023-05-03,11227.2724609375,11272.7275390625,11090.9091796875,11181.818359375,183370
2023-05-04,11318.181640625,11363.63671875,11136.36328125,11181.818359375,79970
2023-05-07,11181.818359375,11272.7275390625,11136.36328125,11227.2724609375,235840
2023-05-08,11272.7275390625,11636.36328125,11227.2724609375,11454.5458984375,165550
2023-05-09,11454.5458984375,11500.0,10909.0908203125,11136.36328125,170060
2023-05-10,11136.36328125,11272.7275390625,11136.36328125,11227.2724609375,156750
2023-05-11,11363.63671875,11409.0908203125,11181.818359375,11318.181640625,74250
2023-05-14,11227.2724609375,11363.63671875,11181.818359375,11181.818359375,111650
2023-05-15,11272.7275390625,11272.7275390625,11090.9091796875,11136.36328125,133100
2023-05-16,11181.818359375,11227.2724609375,11045.4541015625,11090.9091796875,203720
2023-05-17,11045.4541015625,11272.7275390625,11045.4541015625,11272.7275390625,100650
2023-05-18,11363.63671875,11363.63671875,11136.36328125,11227.2724609375,171710
2023-05-21,11227.2724609375,11318.181640625,11227.2724609375,11272.7275390625,75790
2023-05-22,11272.7275390625,11363.63671875,11272.7275390625,11272.7275390625,177430
2023-05-23,11318.181640625,11818.181640625,11227.2724609375,11545.4541015625,266530
2023-05-24,11545.4541015625,11636.36328125,11454.5458984375,11500.0,71280
2023-05-25,11500.0,11590.9091796875,11363.63671875,11590.9091796875,84040
2023-05-28,11590.9091796875,12045.4541015625,11590.9091796875,12000.0,244970
2023-05-29,12090.9091796875,12454.5458984375,11954.5458984375,12272.7275390625,478280
2023-05-30,12363.63671875,12681.818359375,12181.818359375,12590.9091796875,300520
2023-05-31,12681.818359375,12681.818359375,12227.2724609375,12409.0908203125,148940
2023-06-01,12363.63671875,12636.36328125,12363.63671875,12454.5458984375,485100
2023-06-04,12454.5458984375,12727.2724609375,12363.63671875,12363.63671875,275220
2023-06-05,12272.7275390625,12363.63671875,12272.7275390625,12363.63671875,57860
2023-06-06,12227.2724609375,12500.0,12181.818359375,12500.0,238260
2023-06-07,12500.0,12590.9091796875,12272.7275390625,12363.63671875,184800
2023-06-08,12318.181640625,12363.63671875,11954.5458984375,12000.0,301840
2023-06-11,12045.4541015625,12272.7275390625,12000.0,12272.7275390625,159830
2023-06-12,12409.0908203125,12409.0908203125,12227.2724609375,12272.7275390625,106040
2023-06-13,12500.0,12500.0,12227.2724609375,12227.2724609375,67540
2023-06-14,12318.181640625,12318.181640625,12136.36328125,12181.818359375,227700
2023-06-15,12090.9091796875,12409.0908203125,12090.9091796875,12181.818359375,299530
2023-06-18,12272.7275390625,12818.181640625,12272.7275390625,12545.4541015625,487080
2023-06-19,12545.4541015625,13045.4541015625,12545.4541015625,12590.9091796875,278410
2023-06-20,12909.0908203125,12909.0908203125,12636.36328125,12818.181640625,196350
2023-06-21,12818.181640625,13090.9091796875,12636.36328125,12818.181640625,210540
2023-06-22,13090.9091796875,13090.9091796875,12681.818359375,12818.181640625,123310
2023-06-25,12909.0908203125,12909.0908203125,12545.4541015625,12545.4541015625,154660
2023-06-26,12545.4541015625,12818.181640625,12545.4541015625,12818.181640625,136510
2023-06-27,12909.0908203125,13000.0,12590.9091796875,12590.9091796875,281930
2023-06-28,12681.818359375,12818.181640625,12545.4541015625,12590.9091796875,230450
2023-06-29,12727.2724609375,12727.2724609375,12636.36328125,12681.818359375,144760
2023-07-02,12681.818359375,12818.181640625,12636.36328125,12727.2724609375,143440
2023-07-03,12727.2724609375,12863.63671875,12727.2724609375,12818.181640625,130460
2023-07-04,12818.181640625,13000.0,12727.2724609375,12727.2724609375,85470
2023-07-05,12818.181640625,12954.5458984375,12772.7275390625,12818.181640625,143550
2023-07-06,12818.181640625,12818.181640625,12772.7275390625,12772.7275390625,37620
2023-07-09,12772.7275390625,12818.181640625,12636.36328125,12681.818359375,114620
2023-07-10,12636.36328125,12727.2724609375,12363.63671875,12363.63671875,222090
2023-07-11,12454.5458984375,12454.5458984375,12272.7275390625,12363.63671875,145200
2023-07-12,12636.36328125,12636.36328125,12363.63671875,12454.5458984375,61160
2023-07-13,12636.36328125,12636.36328125,12454.5458984375,12454.5458984375,63140
2023-07-16,12590.9091796875,12636.36328125,12363.63671875,12409.0908203125,75570
2023-07-17,12545.4541015625,12681.818359375,12409.0908203125,12545.4541015625,148720
2023-07-18,12545.4541015625,12727.2724609375,12454.5458984375,12545.4541015625,65120
2023-07-19,12545.4541015625,12681.818359375,12545.4541015625,12636.36328125,30360
2023-07-20,12818.181640625,12909.0908203125,12636.36328125,12727.2724609375,93280
2023-07-23,12818.181640625,13454.5458984375,12818.181640625,13227.2724609375,281820
2023-07-24,13409.0908203125,13409.0908203125,13181.818359375,13227.2724609375,150810
2023-07-25,13500.0,13500.0,13181.818359375,13227.2724609375,111100
2023-07-26,13318.181640625,13318.181640625,12954.5458984375,13136.36328125,287320
2023-07-27,13181.818359375,13181.818359375,13090.9091796875,13090.9091796875,320320
2023-07-30,13227.2724609375,13545.4541015625,13090.9091796875,13181.818359375,603790
2023-07-31,13181.818359375,13227.2724609375,13000.0,13136.36328125,432190
2023-08-01,13090.9091796875,13500.0,13000.0,13409.0908203125,697070
2023-08-02,13363.63671875,13454.5458984375,13272.7275390625,13318.181640625,176660
2023-08-03,13318.181640625,13363.63671875,13181.818359375,13272.7275390625,232210
2023-08-06,13454.5458984375,13590.9091796875,13363.63671875,13545.4541015625,488510
2023-08-07,13454.5458984375,13909.0908203125,13454.5458984375,13909.0908203125,507210
2023-08-08,14090.9091796875,14863.63671875,14090.9091796875,14863.63671875,1086360
2023-08-09,15636.36328125,15636.36328125,15090.9091796875,15272.7275390625,867350
2023-08-10,15045.4541015625,15181.818359375,14409.0908203125,14454.5458984375,608630
2023-08-13,14681.818359375,14863.63671875,14500.0,14681.818359375,370480
2023-08-14,14772.7275390625,15000.0,14681.818359375,14954.5458984375,349690
2023-08-15,15318.181640625,15318.181640625,14818.181640625,14863.63671875,111100
2023-08-16,14863.63671875,14863.63671875,14545.4541015625,14590.9091796875,428450
2023-08-17,14454.5458984375,14545.4541015625,13909.0908203125,14227.2724609375,492800
2023-08-20,13909.0908203125,14545.4541015625,13909.0908203125,14454.5458984375,330990
2023-08-21,14772.7275390625,14772.7275390625,14136.36328125,14500.0,208120
2023-08-22,14545.4541015625,15090.9091796875,14454.5458984375,14954.5458984375,348590
2023-08-23,14863.63671875,15636.36328125,14863.63671875,15454.5458984375,485650
2023-08-24,15454.5458984375,15454.5458984375,15090.9091796875,15136.36328125,69960
2023-08-27,15136.36328125,15409.0908203125,15045.4541015625,15045.4541015625,262460
2023-08-28,15136.36328125,15454.5458984375,15045.4541015625,15227.2724609375,241340
2023-08-29,15272.7275390625,15272.7275390625,15045.4541015625,15090.9091796875,134860
2023-08-30,15090.9091796875,16136.36328125,15045.4541015625,15954.5458984375,575080
2023-09-04,15954.5458984375,16136.36328125,15727.2724609375,15727.2724609375,344520
2023-09-05,16136.36328125,16136.36328125,15454.5458984375,15590.9091796875,181500
2023-09-06,15681.818359375,15818.181640625,15545.4541015625,15636.36328125,118030
2023-09-07,15636.36328125,15727.2724609375,15454.5458984375,15636.36328125,102410
2023-09-10,15636.36328125,16090.9091796875,14954.5458984375,14954.5458984375,511060
2023-09-11,14954.5458984375,15363.63671875,14863.63671875,15363.63671875,212850
2023-09-12,15772.7275390625,15772.7275390625,14863.63671875,14954.5458984375,307010
2023-09-13,14954.5458984375,15090.9091796875,14500.0,15090.9091796875,185240
2023-09-14,15045.4541015625,15090.9091796875,14818.181640625,15090.9091796875,65230
2023-09-17,15090.9091796875,15090.9091796875,14681.818359375,15000.0,44440
2023-09-18,14818.181640625,15000.0,14590.9091796875,14909.0908203125,137060
2023-09-19,15090.9091796875,15181.818359375,14863.63671875,15136.36328125,200090
2023-09-20,15136.36328125,15227.2724609375,14681.818359375,15000.0,254650
2023-09-21,14727.2724609375,15000.0,14136.36328125,15000.0,310640
2023-09-24,14909.0908203125,14909.0908203125,14272.7275390625,14545.4541015625,1125749
2023-09-25,14545.4541015625,14681.818359375,14181.818359375,14500.0,620020
2023-09-26,14454.5458984375,14454.5458984375,14136.36328125,14363.63671875,619630
2023-09-27,13727.2724609375,14636.36328125,13727.2724609375,14636.36328125,80300
2023-09-28,14818.181640625,14863.63671875,14454.5458984375,14545.4541015625,111320
2023-10-01,14500.0,14636.36328125,14409.0908203125,14500.0,75350
2023-10-02,14272.7275390625,14409.0908203125,13863.63671875,14090.9091796875,671990
2023-10-03,14090.9091796875,14136.36328125,13818.181640625,14136.36328125,190410
2023-10-04,14136.36328125,14909.0908203125,14136.36328125,14636.36328125,351120
2023-10-05,14727.2724609375,14818.181640625,14545.4541015625,14818.181640625,230780
2023-10-08,14818.181640625,14909.0908203125,14500.0,14772.7275390625,232980
2023-10-09,14727.2724609375,14954.5458984375,14409.0908203125,14500.0,241560
2023-10-10,14818.181640625,14818.181640625,14181.818359375,14454.5458984375,237710
2023-10-11,14318.181640625,14681.818359375,14318.181640625,14409.0908203125,195690
2023-10-12,14409.0908203125,14500.0,14136.36328125,14454.5458984375,187440
2023-10-15,14181.818359375,14318.181640625,13909.0908203125,14227.2724609375,290950
2023-10-16,14272.7275390625,14272.7275390625,13681.818359375,13681.818359375,427130
2023-10-17,13227.2724609375,13681.818359375,12909.0908203125,13681.818359375,920810
2023-10-18,13227.2724609375,13772.7275390625,13227.2724609375,13636.36328125,196460
2023-10-19,13590.9091796875,13636.36328125,13227.2724609375,13636.36328125,64130
2023-10-22,13227.2724609375,13454.5458984375,13227.2724609375,13272.7275390625,95920
2023-10-23,13545.4541015625,13545.4541015625,13227.2724609375,13318.181640625,69960
2023-10-24,13363.63671875,13545.4541015625,13318.181640625,13545.4541015625,45210
2023-10-25,13409.0908203125,13409.0908203125,12772.7275390625,13136.36328125,390830
2023-10-26,12818.181640625,13181.818359375,12636.36328125,13181.818359375,89760
2023-10-29,13181.818359375,13181.818359375,12909.0908203125,13090.9091796875,16830
2023-10-30,13181.818359375,13181.818359375,12818.181640625,13000.0,79200
2023-10-31,12818.181640625,13181.818359375,12727.2724609375,13136.36328125,152020
2023-11-01,13500.0,13636.36328125,13000.0,13318.181640625,114950
2023-11-02,13363.63671875,13636.36328125,13181.818359375,13545.4541015625,70070
2023-11-05,13272.7275390625,13500.0,13227.2724609375,13272.7275390625,49720
2023-11-06,13227.2724609375,13272.7275390625,13136.36328125,13272.7275390625,97460
2023-11-07,13272.7275390625,13818.181640625,13181.818359375,13681.818359375,91520
2023-11-08,13681.818359375,13772.7275390625,13363.63671875,13363.63671875,71830
2023-11-09,13181.818359375,13363.63671875,13181.818359375,13318.181640625,42680
2023-11-12,13545.4541015625,13545.4541015625,13136.36328125,13136.36328125,52030
2023-11-13,13136.36328125,13363.63671875,12909.0908203125,13000.0,149380
2023-11-14,13045.4541015625,13136.36328125,13045.4541015625,13090.9091796875,115170
2023-11-15,13090.9091796875,13181.818359375,12909.0908203125,13181.818359375,102630
2023-11-16,13181.818359375,13181.818359375,12772.7275390625,13000.0,124630
2023-11-19,12909.0908203125,13000.0,12909.0908203125,12909.0908203125,41140
2023-11-20,12909.0908203125,13000.0,12818.181640625,12954.5458984375,73480
2023-11-21,12909.0908203125,13636.36328125,12818.181640625,13409.0908203125,348150
2023-11-22,13363.63671875,13454.5458984375,13181.818359375,13181.818359375,88990
2023-11-23,13181.818359375,13181.818359375,12863.63671875,13090.9091796875,235950
2023-11-26,12909.0908203125,13090.9091796875,12909.0908203125,13090.9091796875,9350
2023-11-27,13090.9091796875,13181.818359375,13000.0,13090.9091796875,39270
2023-11-28,13090.9091796875,13363.63671875,13000.0,13363.63671875,173910
2023-11-29,13409.0908203125,13409.0908203125,13272.7275390625,13363.63671875,35970
2023-11-30,13363.63671875,13363.63671875,13045.4541015625,13318.181640625,35640
2023-12-03,13272.7275390625,14227.2724609375,13272.7275390625,14227.2724609375,433180
2023-12-04,14272.7275390625,14272.7275390625,14000.0,14090.9091796875,39490
2023-12-05,14136.36328125,14272.7275390625,13818.181640625,14090.9091796875,107580
2023-12-06,14090.9091796875,14090.9091796875,13727.2724609375,13909.0908203125,74030
2023-12-07,13909.0908203125,14000.0,13818.181640625,13954.5458984375,33660
2023-12-10,13954.5458984375,14181.818359375,13909.0908203125,14045.4541015625,95370
2023-12-11,14045.4541015625,14181.818359375,13909.0908203125,14000.0,110220
2023-12-12,14000.0,14000.0,13681.818359375,13954.5458984375,89210
2023-12-13,13954.5458984375,13954.5458984375,13636.36328125,13863.63671875,46860
2023-12-14,13772.7275390625,13772.7275390625,13590.9091796875,13727.2724609375,53460
2023-12-17,14045.4541015625,14045.4541015625,13727.2724609375,13727.2724609375,56430
2023-12-18,13909.0908203125,13909.0908203125,13636.36328125,13818.181640625,42130
2023-12-19,13727.2724609375,13863.63671875,13727.2724609375,13818.181640625,17820
2023-12-20,13818.181640625,13818.181640625,13590.9091796875,13727.2724609375,31570
2023-12-21,13727.2724609375,13727.2724609375,13590.9091796875,13727.2724609375,63800
2023-12-24,13772.7275390625,13818.181640625,13590.9091796875,13727.2724609375,39820
2023-12-25,13636.36328125,13772.7275390625,13636.36328125,13772.7275390625,305580
2023-12-26,13772.7275390625,14500.0,13772.7275390625,14272.7275390625,236830
2023-12-27,14363.63671875,14409.0908203125,14045.4541015625,14272.7275390625,125620
2023-12-28,14181.818359375,14318.181640625,13954.5458984375,14000.0,104830
2024-01-01,13863.63671875,14181.818359375,13863.63671875,14136.36328125,57310
2024-01-02,14136.36328125,14136.36328125,13954.5458984375,14090.9091796875,71830
2024-01-03,14000.0,14363.63671875,14000.0,14090.9091796875,64130
2024-01-04,14090.9091796875,14090.9091796875,13954.5458984375,14045.4541015625,57310
2024-01-07,14090.9091796875,14090.9091796875,13636.36328125,13954.5458984375,113080
2024-01-08,13954.5458984375,14090.9091796875,13681.818359375,14090.9091796875,385330
2024-01-09,14090.9091796875,14227.2724609375,13909.0908203125,14090.9091796875,165220
2024-01-10,13818.181640625,14090.9091796875,13818.181640625,14000.0,184580
2024-01-11,13772.7275390625,13909.0908203125,13727.2724609375,13863.63671875,234300
2024-01-14,13954.5458984375,14000.0,13772.7275390625,13772.7275390625,166980
2024-01-15,13681.818359375,13772.7275390625,13636.36328125,13727.2724609375,82610
2024-01-16,13727.2724609375,13727.2724609375,13590.9091796875,13727.2724609375,258610
2024-01-17,13727.2724609375,13727.2724609375,13636.36328125,13727.2724609375,83600
2024-01-18,13636.36328125,13727.2724609375,13636.36328125,13681.818359375,35530
2024-01-21,13727.2724609375,13818.181640625,13590.9091796875,13727.2724609375,53350
2024-01-22,13590.9091796875,13727.2724609375,13454.5458984375,13636.36328125,120340
2024-01-23,13636.36328125,13772.7275390625,13636.36328125,13636.36328125,57640
2024-01-24,13636.36328125,13727.2724609375,13545.4541015625,13727.2724609375,168960
2024-01-25,13636.36328125,13681.818359375,13636.36328125,13636.36328125,125510
2024-01-28,13727.2724609375,13863.63671875,13727.2724609375,13818.181640625,104280
2024-01-29,13818.181640625,14181.818359375,13727.2724609375,13954.5458984375,197780
2024-01-30,14045.4541015625,14090.9091796875,13818.181640625,13954.5458984375,128040
2024-01-31,13863.63671875,14045.4541015625,13727.2724609375,13772.7275390625,98230
2024-02-01,13772.7275390625,13909.0908203125,13681.818359375,13909.0908203125,97460
2024-02-04,13818.181640625,13909.0908203125,13636.36328125,13818.181640625,125620
2024-02-05,14000.0,14000.0,13772.7275390625,13954.5458984375,79200
2024-02-06,13954.5458984375,14090.9091796875,13954.5458984375,14000.0,84590
2024-02-14,14181.818359375,14181.818359375,14000.0,14136.36328125,97680
2024-02-15,14181.818359375,14181.818359375,14000.0,14000.0,59620
2024-02-18,14045.4541015625,14045.4541015625,13818.181640625,13818.181640625,91740
2024-02-19,14090.9091796875,14090.9091796875,13590.9091796875,14000.0,285120
2024-02-20,14000.0,14000.0,13590.9091796875,13863.63671875,319110
2024-02-21,13636.36328125,13863.63671875,13636.36328125,13863.63671875,360910
2024-02-22,13772.7275390625,14136.36328125,13727.2724609375,13727.2724609375,486750
2024-02-25,13681.818359375,13909.0908203125,13681.818359375,13909.0908203125,274780
2024-02-26,13909.0908203125,13909.0908203125,13727.2724609375,13727.2724609375,133210
2024-02-27,13909.0908203125,13909.0908203125,13681.818359375,13863.63671875,61930
2024-02-28,14000.0,14000.0,13681.818359375,13818.181640625,155320
2024-02-29,13818.181640625,13818.181640625,13681.818359375,13727.2724609375,80190
2024-03-03,13727.2724609375,14090.9091796875,13636.36328125,14000.0,192390
2024-03-04,14045.4541015625,14045.4541015625,13909.0908203125,14000.0,88000
2024-03-05,13909.0908203125,13909.0908203125,13636.36328125,13681.818359375,147180
2024-03-06,13727.2724609375,13863.63671875,13681.818359375,13818.181640625,84920
2024-03-07,13863.63671875,13909.0908203125,13681.818359375,13727.2724609375,95700
2024-03-10,13727.2724609375,13818.181640625,13636.36328125,13727.2724609375,113410
2024-03-11,13727.2724609375,13772.7275390625,13636.36328125,13681.818359375,41910
2024-03-12,13681.818359375,13727.2724609375,13590.9091796875,13727.2724609375,91080
2024-03-13,13818.181640625,14045.4541015625,13727.2724609375,14045.4541015625,252010
2024-03-14,14045.4541015625,15000.0,14045.4541015625,15000.0,767580
2024-03-17,15409.0908203125,15454.5458984375,14681.818359375,14954.5458984375,1016730
2024-03-18,14909.0908203125,15136.36328125,14863.63671875,14909.0908203125,473440
2024-03-19,14909.0908203125,14909.0908203125,14727.2724609375,14909.0908203125,572880
2024-03-20,15227.2724609375,15227.2724609375,14818.181640625,15090.9091796875,235070
2024-03-21,15409.0908203125,15409.0908203125,14909.0908203125,15272.7275390625,282150
2024-03-24,14954.5458984375,15272.7275390625,14545.4541015625,14772.7275390625,230890
2024-03-25,14772.7275390625,15272.7275390625,14681.818359375,15181.818359375,143880
2024-03-26,15181.818359375,15181.818359375,15000.0,15136.36328125,99440
2024-03-27,15136.36328125,15272.7275390625,15000.0,15272.7275390625,209990
2024-03-28,15181.818359375,15272.7275390625,14909.0908203125,15000.0,342320
2024-03-31,15090.9091796875,15727.2724609375,15000.0,15681.818359375,343310
2024-04-01,15636.36328125,15636.36328125,15454.5458984375,15590.9091796875,133100
2024-04-02,15590.9091796875,15909.0908203125,15454.5458984375,15454.5458984375,238370
2024-04-03,15454.5458984375,16000.0,15454.5458984375,15863.63671875,323840
2024-04-04,15818.181640625,15954.5458984375,15727.2724609375,15772.7275390625,293260
2024-04-07,16000.0,16272.7275390625,15818.181640625,16000.0,453310
2024-04-08,16000.0,16181.818359375,15681.818359375,15909.0908203125,226050
2024-04-09,15772.7275390625,15954.5458984375,15681.818359375,15727.2724609375,205700
2024-04-10,15363.63671875,15500.0,14681.818359375,15363.63671875,312510
2024-04-11,15363.63671875,16090.9091796875,15363.63671875,15772.7275390625,144760
2024-04-14,15409.0908203125,15772.7275390625,14727.2724609375,14727.2724609375,185130
2024-04-15,14636.36328125,15090.9091796875,14636.36328125,15090.9091796875,145200
2024-04-16,15090.9091796875,15363.63671875,14818.181640625,15363.63671875,63030
2024-04-18,15318.181640625,15318.181640625,14772.7275390625,14909.0908203125,280060
2024-04-21,14909.0908203125,15727.2724609375,14863.63671875,15545.4541015625,94050
2024-04-22,15909.0908203125,15909.0908203125,15363.63671875,15363.63671875,144870
2024-04-23,15363.63671875,15636.36328125,15363.63671875,15545.4541015625,193710
2024-04-24,15454.5458984375,15727.2724609375,15181.818359375,15545.4541015625,231220
2024-04-25,15545.4541015625,15727.2724609375,15409.0908203125,15636.36328125,149490
2024-05-01,15590.9091796875,15727.2724609375,15454.5458984375,15590.9091796875,199320
2024-05-02,15590.9091796875,16000.0,15590.9091796875,15954.5458984375,204710
2024-05-05,16272.7275390625,17045.455078125,16272.7275390625,17045.455078125,1042690
2024-05-06,17363.63671875,17636.36328125,17000.0,17090.908203125,270160
2024-05-07,16954.544921875,17409.091796875,16863.63671875,16909.091796875,788810
2024-05-08,17090.908203125,17181.818359375,16636.36328125,16636.36328125,366960
2024-05-09,16545.455078125,16818.181640625,16545.455078125,16681.818359375,502810
2024-05-12,16681.818359375,17090.908203125,16636.36328125,16681.818359375,205920
2024-05-13,16727.2734375,16909.091796875,16590.908203125,16909.091796875,161260
2024-05-14,16909.091796875,17090.908203125,16863.63671875,16954.544921875,174790
2024-05-15,17227.2734375,17272.7265625,16681.818359375,16727.2734375,256850
2024-05-16,17045.455078125,17045.455078125,16590.908203125,16681.818359375,168410
2024-05-19,16681.818359375,16772.7265625,16272.7275390625,16272.7275390625,276540
2024-05-20,16363.63671875,17409.091796875,16272.7275390625,17409.091796875,736230
2024-05-21,17454.544921875,17909.091796875,17090.908203125,17090.908203125,374550
2024-05-22,17090.908203125,17363.63671875,16909.091796875,17272.7265625,250360
2024-05-23,16909.091796875,17272.7265625,16363.63671875,16636.36328125,320430
2024-05-26,16636.36328125,17136.36328125,16636.36328125,17136.36328125,125180
2024-05-27,17136.36328125,17272.7265625,16954.544921875,17272.7265625,123860
2024-05-28,17272.7265625,17363.63671875,16909.091796875,16909.091796875,145970
2024-05-29,16818.181640625,17181.818359375,16681.818359375,17090.908203125,130130
2024-05-30,17090.908203125,17363.63671875,17090.908203125,17090.908203125,214280
2024-06-02,17136.36328125,17500.0,17136.36328125,17363.63671875,127930
2024-06-03,17272.7265625,17500.0,17227.2734375,17363.63671875,222310
2024-06-04,17363.63671875,17545.455078125,17272.7265625,17363.63671875,217140
2024-06-05,17272.7265625,18181.818359375,17272.7265625,17363.63671875,194260
2024-06-06,17727.2734375,17727.2734375,17318.181640625,17318.181640625,146850
2024-06-09,17318.181640625,17500.0,17272.7265625,17363.63671875,214280
2024-06-10,17272.7265625,17363.63671875,16909.091796875,17090.908203125,544280
2024-06-11,17090.908203125,17272.7265625,17000.0,17136.36328125,332970
2024-06-12,17136.36328125,17181.818359375,17000.0,17045.455078125,353980
2024-06-13,17045.455078125,17409.091796875,16954.544921875,17045.455078125,216920
2024-06-16,17045.455078125,17090.908203125,16909.091796875,17045.455078125,99770
2024-06-17,17318.181640625,17318.181640625,17045.455078125,17136.36328125,43670
2024-06-18,17045.455078125,17181.818359375,17045.455078125,17136.36328125,140470
2024-06-19,17181.818359375,17181.818359375,16590.908203125,17136.36328125,370067
2024-06-20,17136.36328125,17272.7265625,17045.455078125,17136.36328125,97460
2024-06-23,17136.36328125,17136.36328125,16727.2734375,16909.091796875,149930
2024-06-24,16545.455078125,17181.818359375,16545.455078125,16954.544921875,215281
2024-06-25,16681.818359375,16954.544921875,16681.818359375,16954.544921875,65010
2024-06-26,17181.818359375,17727.2734375,16954.544921875,17409.091796875,206470
2024-06-27,17727.2734375,17727.2734375,17136.36328125,17136.36328125,40920
2024-06-30,17636.36328125,17636.36328125,17045.455078125,17136.36328125,110110
2024-07-01,17000.0,17181.818359375,17000.0,17136.36328125,75460
2024-07-02,17136.36328125,17454.544921875,17045.455078125,17227.2734375,100870
2024-07-03,17409.091796875,17409.091796875,17136.36328125,17227.2734375,82280
2024-07-04,17136.36328125,17227.2734375,16954.544921875,17181.818359375,104170
2024-07-07,17272.7265625,17272.7265625,16954.544921875,17136.36328125,80740
2024-07-08,17181.818359375,17181.818359375,16954.544921875,17090.908203125,80630
2024-07-09,17136.36328125,17136.36328125,16909.091796875,17090.908203125,117590
2024-07-10,17090.908203125,17090.908203125,16909.091796875,17000.0,159170
2024-07-11,17045.455078125,17090.908203125,16772.7265625,17045.455078125,165000
2024-07-14,17000.0,17000.0,16909.091796875,16909.091796875,30910
2024-07-15,17045.455078125,17045.455078125,16636.36328125,16909.091796875,131340
2024-07-16,16772.7265625,16772.7265625,15727.2724609375,16500.0,95700
2024-07-17,16500.0,17227.2734375,16000.0,16454.544921875,46420
2024-07-18,16363.63671875,16500.0,16181.818359375,16363.63671875,255090
2024-07-21,16272.7275390625,16318.181640625,15909.0908203125,16227.2724609375,69960
2024-07-22,15727.2724609375,15954.5458984375,15727.2724609375,15772.7275390625,131450
2024-07-23,15727.2724609375,15772.7275390625,15363.63671875,15727.2724609375,121440
2024-07-24,15454.5458984375,15818.181640625,15454.5458984375,15818.181640625,48510
2024-07-25,16090.9091796875,16090.9091796875,15727.2724609375,15863.63671875,29590
2024-07-28,16136.36328125,16136.36328125,15545.4541015625,15909.0908203125,29920
2024-07-29,15727.2724609375,16000.0,15727.2724609375,16000.0,71830
2024-07-30,16000.0,16181.818359375,15909.0908203125,15954.5458984375,9900
2024-07-31,15909.0908203125,16818.181640625,15454.5458984375,16818.181640625,149160
2024-08-01,16090.9091796875,16363.63671875,16045.4541015625,16136.36328125,190740
2024-08-04,16000.0,16136.36328125,15181.818359375,15636.36328125,280830
2024-08-05,15636.36328125,16227.2724609375,15363.63671875,15818.181640625,77220
2024-08-06,15727.2724609375,16090.9091796875,15454.5458984375,15909.0908203125,34760
2024-08-07,15909.0908203125,15909.0908203125,15272.7275390625,15818.181640625,10230
2024-08-08,15636.36328125,15818.181640625,15454.5458984375,15818.181640625,21120
2024-08-11,15818.181640625,15909.0908203125,15636.36328125,15727.2724609375,130900
2024-08-12,15727.2724609375,16045.4541015625,15727.2724609375,16045.4541015625,300300
2024-08-13,16000.0,16636.36328125,15954.5458984375,16454.544921875,341770
2024-08-14,16454.544921875,16545.455078125,16272.7275390625,16409.091796875,227040
2024-08-15,16045.4541015625,16636.36328125,16045.4541015625,16636.36328125,373780
2024-08-18,16636.36328125,17000.0,16636.36328125,16954.544921875,357830
2024-08-19,17000.0,17000.0,16772.7265625,17000.0,460020
2024-08-20,17000.0,17045.455078125,16863.63671875,17045.455078125,334510
2024-08-21,17045.455078125,17090.908203125,16772.7265625,16818.181640625,276760
2024-08-22,16772.7265625,16909.091796875,16727.2734375,16727.2734375,307780
2024-08-25,16727.2734375,16954.544921875,16727.2734375,16954.544921875,286550
2024-08-26,16909.091796875,16954.544921875,16818.181640625,16909.091796875,215710
2024-08-27,16909.091796875,16909.091796875,16772.7265625,16863.63671875,291390
2024-08-28,17090.908203125,17454.544921875,16863.63671875,17454.544921875,536910
2024-08-29,17590.908203125,18636.36328125,17409.091796875,18636.36328125,735350
2024-09-03,18636.36328125,19863.63671875,18636.36328125,19500.0,603240
2024-09-04,19500.0,19636.36328125,18545.455078125,18636.36328125,681450
2024-09-05,18636.36328125,18863.63671875,18090.908203125,18363.63671875,446160
2024-09-08,18363.63671875,18636.36328125,18000.0,18409.091796875,254980
2024-09-09,18500.0,19650.0,18400.0,19350.0,474700
2024-09-10,19750.0,19750.0,19100.0,19350.0,236000
2024-09-11,19300.0,19650.0,19100.0,19500.0,187800
2024-09-12,19300.0,19500.0,19200.0,19500.0,139200
2024-09-15,19400.0,19500.0,18500.0,18500.0,357800
2024-09-16,18300.0,19000.0,18200.0,18900.0,283900
2024-09-17,18950.0,19050.0,18600.0,18900.0,227100
2024-09-18,18850.0,19000.0,18700.0,18900.0,168000
2024-09-19,19400.0,19500.0,18800.0,19200.0,219400
2024-09-22,19200.0,20500.0,19200.0,20500.0,689000
2024-09-23,21000.0,21250.0,20500.0,21150.0,566700
2024-09-24,21150.0,21150.0,20550.0,20550.0,443400
2024-09-25,20550.0,21200.0,20300.0,21000.0,284000
2024-09-26,21100.0,21100.0,20650.0,20750.0,260300
2024-09-29,20750.0,21200.0,20550.0,20950.0,324800
2024-09-30,20950.0,21000.0,20700.0,20800.0,253300
2024-10-01,20800.0,21800.0,20650.0,21300.0,518900
2024-10-02,21300.0,21500.0,20500.0,21200.0,784600
2024-10-03,20900.0,21100.0,20750.0,20750.0,281800
2024-10-06,20750.0,20850.0,20600.0,20700.0,281400
2024-10-07,20700.0,20700.0,20350.0,20700.0,247000
2024-10-08,20500.0,20950.0,20500.0,20900.0,185600
2024-10-09,21000.0,21450.0,20900.0,21000.0,242400
2024-10-10,20900.0,21200.0,20850.0,21200.0,229100
2024-10-13,21500.0,21500.0,21200.0,21300.0,349400
2024-10-14,21200.0,21400.0,21050.0,21250.0,233300
2024-10-15,21200.0,21200.0,21000.0,21100.0,253000
2024-10-16,21100.0,22000.0,20550.0,22000.0,1453700
2024-10-17,21950.0,22400.0,21800.0,21800.0,389900
2024-10-20,21800.0,21900.0,21650.0,21800.0,232300
2024-10-21,21800.0,22400.0,21450.0,21700.0,367800
2024-10-22,21700.0,21800.0,21150.0,21500.0,272500
2024-10-23,21300.0,21500.0,20000.0,21000.0,405800
2024-10-24,20700.0,21200.0,20700.0,20800.0,248200
2024-10-27,20800.0,20900.0,20500.0,20700.0,182500
2024-10-28,20700.0,20900.0,20600.0,20700.0,195000
2024-10-30,20700.0,21450.0,20500.0,20700.0,236500
2024-10-31,20500.0,20800.0,20350.0,20500.0,284000
2024-11-03,20500.0,21750.0,20000.0,21750.0,497900
2024-11-05,20900.0,21350.0,20900.0,21350.0,200500
2024-11-06,21350.0,21350.0,20700.0,20950.0,214000
2024-11-07,20950.0,20950.0,20500.0,20750.0,179000
2024-11-10,20600.0,20600.0,20000.0,20300.0,264500
2024-11-11,20000.0,20350.0,19800.0,20000.0,285400
2024-11-12,20000.0,20300.0,19850.0,20050.0,151400
2024-11-13,20050.0,20050.0,19150.0,19550.0,480500
2024-11-14,19500.0,20150.0,19200.0,19800.0,261900
2024-11-17,19500.0,19750.0,19050.0,19500.0,185900
2024-11-18,19400.0,19500.0,18700.0,18700.0,533200
2024-11-19,18700.0,19200.0,18600.0,19200.0,414400
2024-11-20,19000.0,19850.0,18900.0,19700.0,207600
2024-11-21,19700.0,19700.0,19200.0,19400.0,322490
2024-11-24,19400.0,19400.0,19150.0,19400.0,172400
2024-11-25,19250.0,19800.0,19250.0,19500.0,367500
2024-11-26,19400.0,20350.0,19400.0,20200.0,618340
2024-11-27,20200.0,20250.0,20000.0,20150.0,597990
2024-11-28,20000.0,20150.0,19900.0,20150.0,210100
2024-12-01,20100.0,20100.0,19900.0,20000.0,217400
2024-12-02,20000.0,20050.0,19800.0,19950.0,282400
2024-12-03,19900.0,19900.0,19500.0,19900.0,225200
2024-12-04,20000.0,20000.0,19500.0,20000.0,356300
2024-12-05,20000.0,20000.0,19650.0,19700.0,186100
2024-12-08,19700.0,19800.0,19550.0,19700.0,273300
2024-12-09,19600.0,19950.0,19500.0,19500.0,226300
2024-12-10,19500.0,19700.0,19400.0,19700.0,235100
2024-12-11,19700.0,19700.0,19400.0,19700.0,221800
2024-12-12,19600.0,19700.0,19400.0,19700.0,221500
2024-12-15,19600.0,19700.0,19350.0,19700.0,281400
2024-12-16,19500.0,19700.0,19400.0,19700.0,227800
2024-12-17,19600.0,19700.0,19300.0,19700.0,389900
2024-12-18,19700.0,19700.0,19350.0,19600.0,184100
2024-12-19,19400.0,19550.0,19300.0,19550.0,205700
2024-12-22,19500.0,19550.0,19200.0,19450.0,310900
2024-12-23,19450.0,19450.0,19150.0,19300.0,195200
2024-12-24,19400.0,20050.0,19100.0,20000.0,484800
2024-12-25,20000.0,20250.0,19950.0,20000.0,210100
2024-12-26,20100.0,20100.0,19700.0,19850.0,238200
2024-12-29,19850.0,19900.0,19500.0,19650.0,243100
